slice_id,family,slice_value,filter_expr,trades,win_rate,mean_r,median_r,profit_factor,max_drawdown_r,trade_sharpe,dsr,mean_r_cost_1_25x,mean_r_cost_1_50x,first_half_n,second_half_n,first_half_mean_r,second_half_mean_r,temporal_gap_r,unique_sectors,unique_symbols,top_sector,top_sector_trades,top_symbol,top_symbol_trades,long_n,short_n,target_exit_rate,stop_exit_rate,time_exit_rate,avg_bars_held,mean_p_touch,mean_p_direction,mean_q,candidate,diagnostic_only,reject_reason
time_x_distance:midday / 5-8,time_x_distance,midday / 5-8,time_bucket == 'midday' & distance_bucket == '5-8',576,0.65625,0.7221219445651751,0.5347908564468886,2.76620440639076,-210.4067642986427,0.4053160199323169,0.0,0.6164235415183322,0.5107251384714891,36,540,1.6172497747158172,0.6624467558884657,0.9548030188273515,4,8,PHARMA,288,LUPIN,144,504,72,0.296875,0.2760416666666667,0.4270833333333333,16.947916666666668,0.7791367779386277,0.7716655580236187,0.43151681195275415,True,False,candidate
time_x_distance:morning / 5-8,time_x_distance,morning / 5-8,time_bucket == 'morning' & distance_bucket == '5-8',3348,0.5824372759856631,0.6681090386253822,0.6519989541986317,2.599999350890924,-187.84366585319913,0.3953999485632206,0.0,0.5694969572955946,0.47088487596580686,1980,1368,0.6802036808378341,0.6506036354231494,0.02960004541468475,5,15,AUTO,1620,MARUTI,792,3312,36,0.33064516129032256,0.26642771804062126,0.40292712066905617,17.591995221027478,0.7846891451475624,0.8762343916342458,0.4330522376489275,True,False,candidate
time_x_direction:midday / UP,time_x_direction,midday / UP,time_bucket == 'midday' & direction == 'UP',1368,0.64546783625731,0.47989467688102355,0.7011838557479761,2.0692107351866316,-284.86702492056975,0.3063715212690092,0.0,0.34730161900469186,0.21470856112836018,252,1116,-0.5309039532504363,0.7081395288461919,1.239043482096628,4,10,PHARMA,684,LUPIN,288,1368,0,0.4415204678362573,0.2675438596491228,0.2909356725146199,14.58406432748538,0.785833105734477,0.7061462319694279,0.42053407278125354,True,False,candidate
factor_x_distance:EQHL / 5-8,factor_x_distance,EQHL / 5-8,factor_enriched == 'EQHL' & distance_bucket == '5-8',4428,0.5977868112014454,0.47812703406050433,0.5584730021078635,1.9539036088936075,-241.09160187821612,0.28200711641780485,0.0,0.33930568577808146,0.20048433749565864,2628,1800,0.5513289352651557,0.3712522583017136,0.1800766769634421,5,18,AUTO,1656,MARUTI,756,3996,432,0.28929539295392953,0.29787714543812105,0.4128274616079494,13.202574525745257,0.7933693557004057,0.8130249257580722,0.44212277796074667,True,False,candidate
volatility_x_distance:normal_vol / 5-8,volatility_x_distance,normal_vol / 5-8,vol_regime == 'normal_vol' & distance_bucket == '5-8',7632,0.5703616352201258,0.4368537442007737,0.4316159115253445,1.8503495044113352,-285.9899534897476,0.25743393318495456,0.0,0.31336669323480615,0.18987964226883863,4320,3312,0.5715143812519579,0.26120943500357696,0.3103049462483809,5,21,AUTO,3708,MARUTI,1584,7164,468,0.25484800838574423,0.3079140461215933,0.4372379454926625,14.118055555555555,0.7940688248463387,0.8344462073182702,0.43080260939301945,True,False,candidate
time_bucket:midday,time_bucket,midday,time_bucket == 'midday',1584,0.5858585858585859,0.2951491848949633,0.42804827188726613,1.5690416186057605,-448.103976529628,0.1894459040583629,0.0,0.16313704157459993,0.03112489825423663,288,1296,-0.6753172060256255,0.5108083828773162,1.1861255889029416,4,12,PHARMA,684,LUPIN,288,1368,216,0.3813131313131313,0.3143939393939394,0.3042929292929293,14.830176767676768,0.7898323284439073,0.7140424158441367,0.420459195693676,True,False,candidate
symbol:M&M,symbol,M&M,symbol == 'M&M',612,0.8496732026143791,0.9159101288858755,0.9579922533878602,6.66948943675539,-5.054356731806678,0.8014723253155736,0.0,0.7875712416773339,0.6592323544687925,288,324,1.1135797403655583,0.7402038075706019,0.3733759327949564,1,1,AUTO,612,M&M,612,576,36,0.5833333333333334,0.09313725490196079,0.3235294117647059,12.052287581699346,0.7885612783062538,0.7979281665393964,0.43373559454979976,False,True,one_symbol; one_sector
factor:ORB,factor,ORB,factor_enriched == 'ORB',36,1.0,0.8007782366274706,0.7522678036091831,inf,0.0,2.0398736878868573,5.626592430559519e-10,0.6093490615431101,0.4179198864587496,0,36,,0.8007782366274706,,1,1,AUTO,36,MARUTI,36,36,0,1.0,0.0,0.0,5.0,0.8757861635220124,0.5829340634268765,0.34520957599517577,False,True,n<100; PF<=1.30; one_symbol; one_sector
factor_x_distance:ORB / 3-5,factor_x_distance,ORB / 3-5,factor_enriched == 'ORB' & distance_bucket == '3-5',36,1.0,0.8007782366274706,0.7522678036091831,inf,0.0,2.0398736878868573,5.626592430559519e-10,0.6093490615431101,0.4179198864587496,0,36,,0.8007782366274706,,1,1,AUTO,36,MARUTI,36,36,0,1.0,0.0,0.0,5.0,0.8757861635220124,0.5829340634268765,0.34520957599517577,False,True,n<100; PF<=1.30; one_symbol; one_sector
symbol:ICICIBANK,symbol,ICICIBANK,symbol == 'ICICIBANK',180,0.85,0.7541313719732324,0.688324821706856,8.237115979255615,-2.788711295927186,0.7533822335533573,2.75377007145434e-157,0.5896640784478916,0.42519678492255064,108,72,0.46203463540130413,1.192276476831125,0.7302418414298208,1,1,BANKING,180,ICICIBANK,180,180,0,0.55,0.03333333333333333,0.4166666666666667,15.233333333333333,0.7653758447351774,0.7660301074911048,0.4083524552363868,False,True,one_symbol; one_sector
symbol:MARUTI,symbol,MARUTI,symbol == 'MARUTI',3600,0.6247222222222222,0.30514655023622467,0.5772604390574896,1.5997712679321194,-60.20184144918113,0.19514513913901985,0.0,0.14949566781658044,-0.006155214603063873,2124,1476,0.4390813728020567,0.11241107386100321,0.3266702989410535,1,1,AUTO,3600,MARUTI,3600,3492,108,0.3447222222222222,0.25972222222222224,0.39555555555555555,14.008611111111112,0.8082090672883626,0.8291062638030068,0.4225326960251827,False,True,cost1.5x<=0; one_symbol; one_sector
symbol:DIVISLAB,symbol,DIVISLAB,symbol == 'DIVISLAB',756,0.6507936507936508,0.28732256589588195,0.21354194252538788,1.7457733925796355,-12.963948535899004,0.23903195003715447,0.0,0.1501918205925579,0.01306107528923386,360,396,-0.05650896847215401,0.5998966880486419,0.656405656520796,1,1,PHARMA,756,DIVISLAB,756,684,72,0.20767195767195767,0.1111111111111111,0.6812169312169312,14.337301587301587,0.7798676769272638,0.7854584653594602,0.4302195184199417,False,True,one_symbol; one_sector
day_of_week:Friday,day_of_week,Friday,day_of_week == 'Friday',4716,0.5368956743002544,0.23614902044759198,0.29300051255680326,1.3965892836111982,-531.8651765657605,0.14283074845595942,0.0,0.09028317014774988,-0.0555826801520922,2088,2628,1.043645588454613,-0.4054235952292193,1.4490691836838323,5,17,AUTO,2016,TVSMOTOR,1224,4428,288,0.33396946564885494,0.35368956743002544,0.31234096692111957,11.340966921119593,0.8079177222463343,0.770666538446541,0.43024543195677956,False,True,second_half<=0; cost1.5x<=0; first_half_only
sector_x_direction:AUTO / UP,sector_x_direction,AUTO / UP,sector == 'AUTO' & direction == 'UP',8712,0.5580808080808081,0.2210716312520888,0.4223366529307801,1.418490498598915,-84.76584028674893,0.14719953254862989,0.0,0.07865193184057066,-0.06376776757094751,5364,3348,0.2705669889582779,0.14177261729271062,0.1287943716655673,1,5,AUTO,8712,MARUTI,3492,8712,0,0.3271349862258953,0.2902892561983471,0.38257575757575757,13.09435261707989,0.8073055684673147,0.812783078432643,0.42216851896681445,False,True,cost1.5x<=0; one_sector
time_x_direction:morning / UP,time_x_direction,morning / UP,time_bucket == 'morning' & direction == 'UP',8424,0.5121082621082621,0.21896878458519925,0.07504331395874346,1.4056696105790747,-625.1609051932629,0.14585339507808473,0.0,0.11647767254266587,0.013986560500132498,3204,5220,0.7227599258887415,-0.09025474352525076,0.8130146694139923,5,19,PHARMA,3096,MARUTI,1476,8424,0,0.34888414055080724,0.3569563152896486,0.29415954415954415,14.343542260208928,0.8041894072380408,0.8478919359677669,0.4296991410111899,False,True,second_half<=0; first_half_only
sector:AUTO,sector,AUTO,sector == 'AUTO',8856,0.5530713640469738,0.20118912525272,0.40421113865801706,1.3715766929685511,-84.76584028674893,0.13337198335604952,0.0,0.057899052512224304,-0.08539102022827141,5400,3456,0.27776554573352047,0.08153846825146932,0.19622707748205115,1,5,AUTO,8856,MARUTI,3600,8712,144,0.32486449864498645,0.29776422764227645,0.37737127371273715,13.008468834688347,0.8072575795063779,0.8099154593513993,0.42236949441895444,False,True,cost1.5x<=0; one_sector
distance_bucket:5-8,distance_bucket,5-8,distance_bucket == '5-8',12204,0.5106522451655195,0.1854202037402276,0.04384895513565704,1.309722527098957,-454.28654437934847,0.1130468155262727,0.0,0.05273544632989747,-0.07994931108043267,6084,6120,0.3835062832943151,-0.01150066358118877,0.39500694687550386,5,23,AUTO,4536,MARUTI,1908,11052,1152,0.21714192068174368,0.3604555883316945,0.4224024909865618,13.040478531628974,0.7989416296550386,0.8131644705788779,0.43013882598858066,False,True,second_half<=0; cost1.5x<=0; first_half_only
time_bucket:morning,time_bucket,morning,time_bucket == 'morning',8748,0.49862825788751713,0.1765572085945515,-0.009055299034910666,1.3142455025728121,-836.5789552883921,0.11750144031777411,0.0,0.07355314886340389,-0.029450910867743745,3204,5544,0.7227599258887415,-0.13910540075079203,0.8618653266395335,5,20,PHARMA,3096,MARUTI,1476,8424,324,0.33973479652492,0.3739140374942844,0.28635116598079563,14.099908550525834,0.8039280163414381,0.8460363904907404,0.4293413535259467,False,True,win<=50%; second_half<=0; cost1.5x<=0; first_half_only
symbol:EICHERMOT,symbol,EICHERMOT,symbol == 'EICHERMOT',504,0.5,0.15248132772209988,0.0650586643850791,1.2675920258197884,-40.95448903282808,0.10555828873751526,0.0,-0.022375822644682086,-0.19723297301146403,324,180,0.14947545674141519,0.1578918954873324,0.008416438745917215,1,1,AUTO,504,EICHERMOT,504,504,0,0.26587301587301587,0.3273809523809524,0.40674603174603174,12.418650793650794,0.8121801001273933,0.6488875488873872,0.4134733802828817,False,True,PF<=1.30; win<=50%; cost1.5x<=0; one_symbol; one_sector
factor_x_distance:PW / 3-5,factor_x_distance,PW / 3-5,factor_enriched == 'PW' & distance_bucket == '3-5',36,0.5,0.1272788741898057,0.24578915949916388,1.252676452018102,-5.779447550257058,0.10328036874284287,3.5797140480923934e-77,0.03689959478576866,-0.053479684618268304,0,36,,0.1272788741898057,,1,1,IT,36,TCS,36,36,0,0.5,0.3333333333333333,0.16666666666666666,15.0,0.8147400302877335,0.7695507487520801,0.39379754066187705,False,True,n<100; PF<=1.30; win<=50%; cost1.5x<=0; one_symbol; one_sector
vol_regime:normal_vol,vol_regime,normal_vol,vol_regime == 'normal_vol',15804,0.5074031890660592,0.11365889830460577,0.05759554481148788,1.1856378589125978,-892.8802130731756,0.07327948010919134,0.0,-0.0143142318247967,-0.1422873619541991,7308,8496,0.3982043703109611,-0.13109843566696266,0.5293028059779238,5,23,AUTO,6948,MARUTI,2844,14544,1260,0.3055555555555556,0.3675018982536067,0.32694254619083774,12.423816755251835,0.7997919971189058,0.8137569915929327,0.42774599550315545,False,True,PF<=1.30; second_half<=0; cost1.5x<=0; first_half_only
factor_x_distance:FVG / 5-8,factor_x_distance,FVG / 5-8,factor_enriched == 'FVG' & distance_bucket == '5-8',5292,0.4846938775510204,0.08424681742649195,-0.12329692852579528,1.1301259525616059,-314.70333049306316,0.051933467698015455,0.0,-0.041480566123511066,-0.16720794967351404,2304,2988,0.4360892735201875,-0.18705338968189977,0.6231426632020873,5,19,AUTO,1872,TECHM,972,4716,576,0.19822373393801965,0.40003779289493574,0.4017384731670446,12.570672713529856,0.8012494026841344,0.8318130872790375,0.42457123531592206,False,True,mean_R<=0.10; PF<=1.30; win<=50%; second_half<=0; cost1.5x<=0; first_half_only
factor_x_distance:PD / 5-8,factor_x_distance,PD / 5-8,factor_enriched == 'PD' & distance_bucket == '5-8',36,0.5,0.07638151156585088,-0.024396011010932063,1.191883761586265,-13.910051472658846,0.06303783867672583,3.878552918815082e-77,-0.16329680396590873,-0.4029751194976682,0,36,,0.07638151156585088,,1,1,BANKING,36,ICICIBANK,36,36,0,0.3333333333333333,0.16666666666666666,0.5,13.5,0.7533206831119545,0.6395939086294418,0.3424700211282364,False,True,n<100; mean_R<=0.10; PF<=1.30; win<=50%; cost1.5x<=0; one_symbol; one_sector
symbol:TVSMOTOR,symbol,TVSMOTOR,symbol == 'TVSMOTOR',3024,0.45436507936507936,0.031182189749832574,-0.0919218842068282,1.051445936515272,-84.76584028674944,0.02105725344127869,0.0,-0.10669354842309228,-0.24456928659601712,2556,468,0.14466528835891138,-0.5886101180382132,0.7332754063971245,1,1,AUTO,3024,TVSMOTOR,3024,3024,0,0.2857142857142857,0.35119047619047616,0.3630952380952381,11.818121693121693,0.8100637719609983,0.8041915518005299,0.42087121000760713,False,True,mean_R<=0.10; PF<=1.30; win<=50%; second_half<=0; cost1.5x<=0; one_symbol; one_sector; first_half_only
volatility_x_distance:high_vol / 5-8,volatility_x_distance,high_vol / 5-8,vol_regime == 'high_vol' & distance_bucket == '5-8',612,0.4117647058823529,0.02806758705738004,-0.40651134201329064,1.0429390030070016,-93.32331516141471,0.018770484455955545,0.0,-0.06448162347862794,-0.15703083401463605,144,468,0.9081511023894452,-0.24272734073710153,1.1508784431265466,4,7,PHARMA,324,LUPIN,252,576,36,0.2875816993464052,0.4852941176470588,0.22712418300653595,12.86437908496732,0.7771254412949627,0.7761712584605088,0.43413119503327735,False,True,mean_R<=0.10; PF<=1.30; win<=50%; second_half<=0; cost1.5x<=0; first_half_only
factor_x_distance:REJ / 5-8,factor_x_distance,REJ / 5-8,factor_enriched == 'REJ' & distance_bucket == '5-8',720,0.49583333333333335,0.020150212080698417,-0.021221935450510557,1.0369229275258804,-101.2345392402137,0.014263024243232352,0.0,-0.13798728543721925,-0.2961247829551369,288,432,0.2954606977917172,-0.1633901117266474,0.4588508095183646,4,11,AUTO,432,TVSMOTOR,216,648,72,0.125,0.30416666666666664,0.5708333333333333,13.820833333333333,0.8242721398534182,0.7151830892371123,0.3953602709192509,False,True,mean_R<=0.10; PF<=1.30; win<=50%; second_half<=0; cost1.5x<=0; first_half_only
p_touch_tier:75-80,p_touch_tier,75-80,p_touch_tier == '75-80',12636,0.4735675846786958,0.006932074992189501,-0.1617254917992597,1.0108303522484126,-1181.416071285742,0.004629605995140317,0.0,-0.12619096374515051,-0.25931400248249054,5400,7236,0.3761292668172706,-0.26858821741458744,0.644717484231858,5,24,PHARMA,3960,DRREDDY,1512,11088,1548,0.28901551123773345,0.3771763216207661,0.33380816714150047,11.898939537828428,0.7654598963998914,0.7885231425150213,0.43008268952917283,False,True,mean_R<=0.10; PF<=1.30; win<=50%; second_half<=0; cost1.5x<=0; first_half_only
symbol:TECHM,symbol,TECHM,symbol == 'TECHM',2448,0.48284313725490197,-0.012388301450894184,-0.12092870830708208,0.9801186061064658,-118.40053769967255,-0.008719828151379852,0.0,-0.12752494262774006,-0.24266158380458586,1260,1188,0.5455966696552695,-0.6041905435331892,1.1497872131884588,1,1,IT,2448,TECHM,2448,2376,72,0.2949346405228758,0.40808823529411764,0.29697712418300654,10.343545751633988,0.7948490408326019,0.7875204912028393,0.43333914546368246,False,True,mean_R<=0.10; PF<=1.30; win<=50%; second_half<=0; cost1.5x<=0; one_symbol; one_sector; first_half_only
factor:EQHL,factor,EQHL,factor_enriched == 'EQHL',9360,0.46762820512820513,-0.015762128452502744,-0.29930977873635717,0.9764839481749762,-961.8060812620843,-0.010254764836901744,0.0,-0.1608846569502742,-0.3060071854480456,4248,5112,0.3469281776124226,-0.31715266447828583,0.6640808420907085,5,21,PHARMA,3636,LUPIN,1584,8532,828,0.28547008547008546,0.38279914529914527,0.3317307692307692,10.94775641025641,0.7978477662082751,0.7821087067765516,0.4427163337439269,False,True,mean_R<=0.10; PF<=1.30; win<=50%; second_half<=0; cost1.5x<=0; first_half_only
tf_bucket:1,tf_bucket,1,tf_bucket == '1',1656,0.46557971014492755,-0.017106209411674404,-0.08986167894036284,0.9722177263233487,-560.3406598929803,-0.012184236608600657,0.0,-0.15090792365778224,-0.28470963790389003,684,972,0.21591399499526073,-0.18108339029062884,0.39699738528588957,5,14,AUTO,612,TVSMOTOR,216,1440,216,0.30132850241545894,0.3858695652173913,0.31280193236714976,10.908212560386474,0.8123652556825773,0.7656636877505906,0.4076118620434107,False,True,mean_R<=0.10; PF<=1.30; win<=50%; second_half<=0; cost1.5x<=0; first_half_only
tf_count_bucket:1,tf_count_bucket,1,tf_count_bucket == '1',1656,0.46557971014492755,-0.017106209411674404,-0.08986167894036284,0.9722177263233487,-560.3406598929803,-0.012184236608600657,0.0,-0.15090792365778224,-0.28470963790389003,684,972,0.21591399499526073,-0.18108339029062884,0.39699738528588957,5,14,AUTO,612,TVSMOTOR,216,1440,216,0.30132850241545894,0.3858695652173913,0.31280193236714976,10.908212560386474,0.8123652556825773,0.7656636877505906,0.4076118620434107,False,True,mean_R<=0.10; PF<=1.30; win<=50%; second_half<=0; cost1.5x<=0; first_half_only
symbol:BAJAJ-AUTO,symbol,BAJAJ-AUTO,symbol == 'BAJAJ-AUTO',1116,0.4507168458781362,-0.04344015901963132,-0.526056314531216,0.9348854468520457,-61.95994088841277,-0.029819418746715773,0.0,-0.15547068992258842,-0.26750122082554556,108,1008,-0.5580497142918,0.01169657904524389,0.5697462933370439,1,1,AUTO,1116,BAJAJ-AUTO,1116,1116,0,0.2517921146953405,0.37455197132616486,0.3736559139784946,13.798387096774194,0.8046141242586777,0.8428155404292212,0.42368748234188996,False,True,mean_R<=0.10; PF<=1.30; win<=50%; cost1.5x<=0; one_symbol; one_sector
time_x_distance:afternoon / 5-8,time_x_distance,afternoon / 5-8,time_bucket == 'afternoon' & distance_bucket == '5-8',8280,0.4714975845410628,-0.04708975059680956,-0.14773646830324852,0.9312654715077731,-839.9702733542418,-0.030255693028866684,0.0,-0.1954290321171668,-0.34376831363752414,4104,4176,0.24036280202331908,-0.32958622472348764,0.5699490267468067,5,22,AUTO,2880,DRREDDY,1440,7236,1044,0.16570048309178745,0.4043478260869565,0.42995169082125606,10.928260869565218,0.8060823195970296,0.7905491659820731,0.42886493442406315,False,True,mean_R<=0.10; PF<=1.30; win<=50%; second_half<=0; cost1.5x<=0; first_half_only
symbol:DRREDDY,symbol,DRREDDY,symbol == 'DRREDDY',4068,0.47000983284169123,-0.05931199102426152,-0.4158038795461384,0.9096858769922848,-455.3849998854333,-0.04013126562581655,0.0,-0.1751069726240007,-0.2909019542237399,1764,2304,0.02144791384054863,-0.12114379318638178,0.14259170702693041,1,1,PHARMA,4068,DRREDDY,4068,3996,72,0.24827925270403148,0.40486725663716816,0.3468534906588004,12.670108161258604,0.8151148030822125,0.8800791785436728,0.43430604290844466,False,True,mean_R<=0.10; PF<=1.30; win<=50%; second_half<=0; cost1.5x<=0; one_symbol; one_sector; first_half_only
tf_bucket:4+,tf_bucket,4+,tf_bucket == '4+',12888,0.45670391061452514,-0.061527525738476585,-0.41959523736161514,0.9092362854313238,-2153.517942675384,-0.041040815504735276,0.0,-0.20114856911479378,-0.34076961249111093,4860,8028,0.30249412260214015,-0.2818993756307782,0.5843934982329184,5,23,PHARMA,4680,DRREDDY,2376,11664,1224,0.26194909993792675,0.3818280571073867,0.35622284295468654,11.812616387337057,0.8016335014796613,0.7932875876872105,0.43746903438533413,False,True,mean_R<=0.10; PF<=1.30; win<=50%; second_half<=0; cost1.5x<=0; first_half_only
tf_count_bucket:4+,tf_count_bucket,4+,tf_count_bucket == '4+',12888,0.45670391061452514,-0.061527525738476585,-0.41959523736161514,0.9092362854313238,-2153.517942675384,-0.041040815504735276,0.0,-0.20114856911479378,-0.34076961249111093,4860,8028,0.30249412260214015,-0.2818993756307782,0.5843934982329184,5,23,PHARMA,4680,DRREDDY,2376,11664,1224,0.26194909993792675,0.3818280571073867,0.35622284295468654,11.812616387337057,0.8016335014796613,0.7932875876872105,0.43746903438533413,False,True,mean_R<=0.10; PF<=1.30; win<=50%; second_half<=0; cost1.5x<=0; first_half_only
factor_x_distance:SWING / 5-8,factor_x_distance,SWING / 5-8,factor_enriched == 'SWING' & distance_bucket == '5-8',36,0.0,-0.07317693304394382,-0.07357192628900672,0.0,-2.598424841410595,-2.162107358380714,1.122592861819258e-100,-0.27317184033664316,-0.4731667476293424,0,36,,-0.07317693304394382,,1,1,AUTO,36,TVSMOTOR,36,36,0,0.0,0.0,1.0,18.0,0.8580889309366131,0.5947016588264421,0.3938391982928599,False,True,n<100; mean_R<=0.10; PF<=1.30; win<=50%; second_half<=0; cost1.5x<=0; one_symbol; one_sector
direction:UP,direction,UP,direction == 'UP',24120,0.45053897180762853,-0.0734768579795665,-0.3669667480916121,0.8907873038120213,-2764.1829225889496,-0.04984620698494587,0.0,-0.206823730964783,-0.3401706039499995,10764,13356,0.14705085789014183,-0.25120674219801065,0.3982576000881525,5,22,AUTO,8712,DRREDDY,3996,24120,0,0.262106135986733,0.40053897180762854,0.33735489220563847,11.932669983416252,0.8048030297948019,0.798075572554785,0.42844167073045086,False,True,mean_R<=0.10; PF<=1.30; win<=50%; second_half<=0; cost1.5x<=0; first_half_only
factor:REJ,factor,REJ,factor_enriched == 'REJ',1620,0.4388888888888889,-0.0978525327252439,-0.09072664356939812,0.8388662469222596,-246.7649402338909,-0.07325017364407427,0.0,-0.24832077048097317,-0.3987890082367025,612,1008,0.2242992652916152,-0.29344469580690835,0.5177439610985235,4,12,AUTO,972,TVSMOTOR,504,1440,180,0.23950617283950618,0.3277777777777778,0.4327160493827161,13.105555555555556,0.8309080774457874,0.726105589901093,0.39383298975125686,False,True,mean_R<=0.10; PF<=1.30; win<=50%; second_half<=0; cost1.5x<=0; first_half_only
day_of_week:Wednesday,day_of_week,Wednesday,day_of_week == 'Wednesday',4608,0.4357638888888889,-0.10170332306579305,-0.2374538878219464,0.8429851801995567,-591.6369180721404,-0.07346711840132882,0.0,-0.2473639534782599,-0.3930245838907267,1908,2700,0.07596950203598825,-0.22725878613771847,0.30322828817370673,5,19,PHARMA,1476,DRREDDY,900,3924,684,0.2905815972222222,0.3543836805555556,0.3550347222222222,9.99197048611111,0.7964786541238283,0.7729818570642948,0.43240038183126184,False,True,mean_R<=0.10; PF<=1.30; win<=50%; second_half<=0; cost1.5x<=0; first_half_only
direction_conf_tier:65-70,direction_conf_tier,65-70,direction_conf_tier == '65-70',2916,0.5,-0.1110957522564726,-0.0541746866752142,0.8304406820105363,-957.9165823192643,-0.08107951358858043,0.0,-0.2651985988143184,-0.4193014453721642,864,2052,0.6314445938950217,-0.42374431905710186,1.0551889129521235,5,15,PHARMA,1224,LUPIN,612,2844,72,0.2908093278463649,0.3717421124828532,0.3374485596707819,9.472565157750344,0.7939765742637364,0.6592355125810967,0.42962047905079137,False,True,mean_R<=0.10; PF<=1.30; win<=50%; second_half<=0; cost1.5x<=0; first_half_only
confluence_bucket:4+,confluence_bucket,4+,confluence_bucket == '4+',25092,0.43914395026303205,-0.11704726556645859,-0.44077079973687827,0.8314669848868855,-3239.7060864642217,-0.07970163761460801,0.0,-0.25187701669684165,-0.38670676782722474,10440,14652,0.17818961291071128,-0.32741260895313984,0.5056022218638512,5,24,PHARMA,8388,DRREDDY,4032,22500,2592,0.2506376534353579,0.40965247887772993,0.33970986768691214,11.926271321536746,0.8026455098041702,0.7968422258515989,0.4305912358050462,False,True,mean_R<=0.10; PF<=1.30; win<=50%; second_half<=0; cost1.5x<=0; first_half_only
time_x_distance:morning / 3-5,time_x_distance,morning / 3-5,time_bucket == 'morning' & distance_bucket == '3-5',5400,0.44666666666666666,-0.12820492602456351,-0.42297615591600607,0.8031542096703157,-1399.9043845095064,-0.09995306211927209,0.0,-0.23393201236455435,-0.33965909870454525,1224,4176,0.7916009105299153,-0.39780318846294527,1.1894040989928607,5,17,PHARMA,2484,LUPIN,1008,5112,288,0.3453703703703704,0.44055555555555553,0.21407407407407408,11.934814814814814,0.8158561164816412,0.8273136297817671,0.42704060536969857,False,True,mean_R<=0.10; PF<=1.30; win<=50%; second_half<=0; cost1.5x<=0; first_half_only
q_percentile_tier:bottom50,q_percentile_tier,bottom50,q_percentile_tier == 'bottom50',13356,0.43224019167415395,-0.14583790342330388,-0.39693441385522016,0.7925769491441635,-1946.3976915047701,-0.10023118506199982,0.0,-0.28210432863586976,-0.4183707538484356,5940,7416,0.13122434624021917,-0.36775669562952384,0.498981041869743,5,22,AUTO,5976,MARUTI,2448,12204,1152,0.24273734651093143,0.417340521114106,0.33992213237496255,12.220724767894579,0.8070022850003619,0.794709162133564,0.41503967334656816,False,True,mean_R<=0.10; PF<=1.30; win<=50%; second_half<=0; cost1.5x<=0; first_half_only
sector_x_direction:IT / UP,sector_x_direction,IT / UP,sector == 'IT' & direction == 'UP',2880,0.42604166666666665,-0.1518424709520462,-0.37688007675158364,0.7780924211245035,-435.708864696695,-0.10924788460706303,0.0,-0.27397512410985825,-0.3961077772676703,1260,1620,0.5455966696552695,-0.6942951358688474,1.2398918055241168,1,5,IT,2880,TECHM,2376,2880,0,0.26458333333333334,0.42291666666666666,0.3125,10.155902777777778,0.7961935562164745,0.7756506367241924,0.4324078541987046,False,True,mean_R<=0.10; PF<=1.30; win<=50%; second_half<=0; cost1.5x<=0; one_sector; first_half_only
sector_x_direction:PHARMA / UP,sector_x_direction,PHARMA / UP,sector == 'PHARMA' & direction == 'UP',8352,0.4200191570881226,-0.1748805259290531,-0.7291684678738581,0.7627804719648013,-1734.7279245821283,-0.11881515503014085,0.0,-0.29252750535778915,-0.41017448478652513,2160,6192,-0.014151266639250648,-0.23094887219293767,0.21679760555368702,1,4,PHARMA,8352,DRREDDY,3996,8352,0,0.2413793103448276,0.4700670498084291,0.2885536398467433,11.25742337164751,0.810349952955499,0.812911921820929,0.4349298318486384,False,True,mean_R<=0.10; PF<=1.30; win<=50%; second_half<=0; cost1.5x<=0; one_sector
factor:FVG,factor,FVG,factor_enriched == 'FVG',10836,0.4233111849390919,-0.17553805709673276,-0.5406106219690487,0.7589564517519579,-1899.9437462791404,-0.11997800637018223,0.0,-0.3053525154667567,-0.4351669738367805,4176,6660,0.10711833698453703,-0.3527712555476912,0.4598895925322282,5,23,AUTO,3708,DRREDDY,1656,9540,1296,0.22517534145441123,0.44601328903654486,0.32881136950904394,12.22000738279808,0.8056686067329182,0.8132070711388878,0.42334564966915655,False,True,mean_R<=0.10; PF<=1.30; win<=50%; second_half<=0; cost1.5x<=0; first_half_only
sector:PHARMA,sector,PHARMA,sector == 'PHARMA',8568,0.4241363211951447,-0.17732704871635163,-0.7279992361373074,0.7582624782442792,-1726.42948804468,-0.12118637144225743,0.0,-0.29647895350626485,-0.4156308582961781,2160,6408,-0.014151266639250648,-0.2323301213266104,0.21817885468735976,1,5,PHARMA,8568,DRREDDY,4068,8352,216,0.23809523809523808,0.46451914098972924,0.2973856209150327,11.329715219421102,0.8093467101375235,0.8110443629075954,0.434739065779749,False,True,mean_R<=0.10; PF<=1.30; win<=50%; second_half<=0; cost1.5x<=0; one_sector
tf_bucket:2,tf_bucket,2,tf_bucket == '2',6516,0.40776550030693676,-0.18409916294764717,-0.545199751598207,0.7472453883784204,-1237.580685269388,-0.12579486046888474,0.0,-0.3121916483365081,-0.4402841337253691,3024,3492,0.026606287443739697,-0.3665657385443121,0.39317202598805184,5,21,AUTO,2160,TVSMOTOR,1152,5796,720,0.24324739103744628,0.45656844689993864,0.3001841620626151,11.990024554941682,0.8082716635301608,0.7968056584318994,0.42156413163845446,False,True,mean_R<=0.10; PF<=1.30; win<=50%; second_half<=0; cost1.5x<=0; first_half_only
tf_count_bucket:2,tf_count_bucket,2,tf_count_bucket == '2',6516,0.40776550030693676,-0.18409916294764717,-0.545199751598207,0.7472453883784204,-1237.580685269388,-0.12579486046888474,0.0,-0.3121916483365081,-0.4402841337253691,3024,3492,0.026606287443739697,-0.3665657385443121,0.39317202598805184,5,21,AUTO,2160,TVSMOTOR,1152,5796,720,0.24324739103744628,0.45656844689993864,0.3001841620626151,11.990024554941682,0.8082716635301608,0.7968056584318994,0.42156413163845446,False,True,mean_R<=0.10; PF<=1.30; win<=50%; second_half<=0; cost1.5x<=0; first_half_only
volatility_x_distance:normal_vol / 3-5,volatility_x_distance,normal_vol / 3-5,vol_regime == 'normal_vol' & distance_bucket == '3-5',8172,0.4486049926578561,-0.18817945997727803,-0.3939814707358716,0.7328051000636534,-1536.2120190499018,-0.14125746797534253,0.0,-0.3203422323209897,-0.4525050046647014,2988,5184,0.1476356797938572,-0.3817395752620296,0.5293752550558868,5,21,AUTO,3240,MARUTI,1260,7380,792,0.35291238374938816,0.4231522271169848,0.223935389133627,10.841532060695057,0.8051369862016555,0.7944349046600185,0.4248913605046923,False,True,mean_R<=0.10; PF<=1.30; win<=50%; second_half<=0; cost1.5x<=0; first_half_only
factor_x_distance:REJ / 3-5,factor_x_distance,REJ / 3-5,factor_enriched == 'REJ' & distance_bucket == '3-5',900,0.3933333333333333,-0.19225472856999773,-0.3722604406099397,0.7071545047620431,-172.26983375241193,-0.15211318799579984,0.0,-0.3365875585159764,-0.48092038846195495,324,576,0.1610446586248579,-0.390985633867104,0.5520302924919619,4,10,AUTO,540,TVSMOTOR,288,792,108,0.33111111111111113,0.3466666666666667,0.32222222222222224,12.533333333333333,0.8362168275196828,0.7348435904322772,0.3926111648168616,False,True,mean_R<=0.10; PF<=1.30; win<=50%; second_half<=0; cost1.5x<=0; first_half_only
symbol:SBIN,symbol,SBIN,symbol == 'SBIN',576,0.3958333333333333,-0.20937946114032802,-0.5217442698819278,0.7149738695271685,-127.07246206235205,-0.13485702192228097,0.0,-0.40316938186515294,-0.5969593025899779,180,396,-0.458603419210315,-0.09609584383578845,0.36250757537452655,1,1,BANKING,576,SBIN,576,576,0,0.19444444444444445,0.328125,0.4774305555555556,10.151041666666666,0.7996689037415996,0.6557770035233527,0.3834081413185688,False,True,mean_R<=0.10; PF<=1.30; win<=50%; second_half<=0; cost1.5x<=0; one_symbol; one_sector
q_percentile_tier:top5,q_percentile_tier,top5,q_percentile_tier == 'top5',1368,0.4137426900584795,-0.22232717391056822,-0.3331828376954503,0.6858708528625808,-645.1595727725231,-0.16261286263203145,0.0,-0.37105185224562215,-0.519776530580676,612,756,0.2464124223596049,-0.6017830375578511,0.848195459917456,4,8,IT,1080,TECHM,540,864,504,0.27850877192982454,0.3793859649122807,0.34210526315789475,10.500730994152047,0.7858795661832506,0.7371916560912651,0.46172845252320893,False,True,mean_R<=0.10; PF<=1.30; win<=50%; second_half<=0; cost1.5x<=0; first_half_only
sector_x_direction:FMCG / DOWN,sector_x_direction,FMCG / DOWN,sector == 'FMCG' & direction == 'DOWN',504,0.4880952380952381,-0.22884374873823596,-0.2374538878219464,0.6737421402126782,-233.50151709098907,-0.1701498579412764,0.0,-0.42724667281849754,-0.6256495968987591,252,252,0.009282625778333,-0.4669701232548049,0.4762527490331379,1,3,FMCG,504,DABUR,252,0,504,0.2996031746031746,0.3273809523809524,0.373015873015873,11.234126984126984,0.8023540984720826,0.6601953359931759,0.44255341989594266,False,True,mean_R<=0.10; PF<=1.30; win<=50%; second_half<=0; cost1.5x<=0; one_sector; first_half_only
symbol:SUNPHARMA,symbol,SUNPHARMA,symbol == 'SUNPHARMA',936,0.38461538461538464,-0.2317277030614339,-0.956052214246542,0.6778148595633996,-231.44920367542213,-0.17334516103532024,0.0,-0.3426745537903648,-0.4536214045192958,900,36,-0.18122660873149743,-1.4942550613098449,1.3130284525783473,1,1,PHARMA,936,SUNPHARMA,936,900,36,0.26282051282051283,0.4807692307692308,0.2564102564102564,13.362179487179487,0.8142464089661455,0.8061843541085515,0.43548236696367243,False,True,mean_R<=0.10; PF<=1.30; win<=50%; second_half<=0; cost1.5x<=0; one_symbol; one_sector
q_percentile_tier:top10-5,q_percentile_tier,top10-5,q_percentile_tier == 'top10-5',1440,0.3972222222222222,-0.25014195184889554,-0.5823470213108768,0.6483271313261966,-483.4539613214066,-0.19108469597211677,0.0,-0.43332734049514154,-0.6165127291413877,612,828,0.4055110609176656,-0.734755048241571,1.1402661091592365,4,10,FMCG,792,HINDUNILVR,504,1152,288,0.21388888888888888,0.30416666666666664,0.48194444444444445,9.981944444444444,0.7989331739443457,0.7104306892696073,0.45166617851902485,False,True,mean_R<=0.10; PF<=1.30; win<=50%; second_half<=0; cost1.5x<=0; first_half_only
sector_x_direction:PHARMA / DOWN,sector_x_direction,PHARMA / DOWN,sector == 'PHARMA' & direction == 'DOWN',216,0.5833333333333334,-0.2719259298252285,0.1309077543401804,0.5407616678674072,-64.19157898891987,-0.25246636267214506,0.0,-0.4492682819139931,-0.6266106340027575,36,180,-1.664514393293452,0.006591762868416091,1.671106156161868,1,4,PHARMA,216,DIVISLAB,72,0,216,0.1111111111111111,0.25,0.6388888888888888,14.125,0.7705546545091335,0.7388320849253655,0.4273627777826933,False,True,mean_R<=0.10; PF<=1.30; cost1.5x<=0; one_sector
symbol:BRITANNIA,symbol,BRITANNIA,symbol == 'BRITANNIA',1296,0.3101851851851852,-0.280255460633111,-1.3436956503964246,0.6553224374000269,-389.53101050453995,-0.18197803220283365,0.0,-0.3882611853351976,-0.4962669100372842,1152,144,-0.19592501689089958,-0.9548990105708022,0.7589739936799026,1,1,FMCG,1296,BRITANNIA,1296,1260,36,0.12731481481481483,0.5231481481481481,0.34953703703703703,16.837962962962962,0.8113982061337564,0.8456253673334521,0.42849530173392053,False,True,mean_R<=0.10; PF<=1.30; win<=50%; second_half<=0; cost1.5x<=0; one_symbol; one_sector
symbol:HINDUNILVR,symbol,HINDUNILVR,symbol == 'HINDUNILVR',612,0.24019607843137256,-0.31449391299135326,-0.5819820145755963,0.473409777572508,-191.4842411065876,-0.32784626247916554,0.0,-0.5519592559171409,-0.7894245988429286,540,72,-0.3689728383744766,0.09409802738207221,0.46307086575654877,1,1,FMCG,612,HINDUNILVR,612,396,216,0.10947712418300654,0.0392156862745098,0.8513071895424836,9.236928104575163,0.8065962877357812,0.6247012939886717,0.4484464828944111,False,True,mean_R<=0.10; PF<=1.30; win<=50%; cost1.5x<=0; one_symbol; one_sector
symbol:HDFCBANK,symbol,HDFCBANK,symbol == 'HDFCBANK',504,0.2916666666666667,-0.330409057664699,-1.3213821328751718,0.6595681029762651,-172.75813759367298,-0.18724009388898707,0.0,-0.46576779358154613,-0.6011265294983933,108,396,-0.22382272643011158,-0.35947805709231373,0.13565533066220214,1,1,BANKING,504,HDFCBANK,504,108,396,0.2261904761904762,0.6190476190476191,0.15476190476190477,10.011904761904763,0.7825919955932004,0.7816305921817196,0.42343148743214426,False,True,mean_R<=0.10; PF<=1.30; win<=50%; second_half<=0; cost1.5x<=0; one_symbol; one_sector
sector:IT,sector,IT,sector == 'IT',4176,0.3632662835249042,-0.3353728993826357,-0.690460055291445,0.5616870339235133,-1398.9197761766827,-0.2518061039075809,0.0,-0.4687668896617076,-0.6021608799407795,1296,2880,0.49760995246237827,-0.710215182712892,1.2078251351752702,1,5,IT,4176,TECHM,2448,2880,1296,0.21455938697318008,0.45330459770114945,0.3321360153256705,10.32638888888889,0.79729939593956,0.7563262319216685,0.4328460601699156,False,True,mean_R<=0.10; PF<=1.30; win<=50%; second_half<=0; cost1.5x<=0; one_sector; first_half_only
symbol:KOTAKBANK,symbol,KOTAKBANK,symbol == 'KOTAKBANK',216,0.3055555555555556,-0.3450296471566203,-1.264291311009907,0.6249388567873262,-75.36496383333903,-0.2166673348800807,0.0,-0.4457986989586388,-0.5465677507606573,108,108,-1.3707165868274058,0.6806572925141652,2.051373879341571,1,1,BANKING,216,KOTAKBANK,216,108,108,0.1527777777777778,0.6620370370370371,0.18518518518518517,8.86574074074074,0.7844242842468845,0.865177846568776,0.4267679275736959,False,True,mean_R<=0.10; PF<=1.30; win<=50%; cost1.5x<=0; one_symbol; one_sector
sector:FMCG,sector,FMCG,sector == 'FMCG',2664,0.3108108108108108,-0.39097432724876446,-0.7391836260537804,0.5219709539920745,-1040.121417775837,-0.28578783746388386,0.0,-0.5519141166941756,-0.7128539061395867,1908,756,-0.2721700358024416,-0.6908137294704365,0.4186436936679949,1,4,FMCG,2664,BRITANNIA,1296,2160,504,0.1614114114114114,0.43355855855855857,0.40503003003003,12.972222222222221,0.804025586862079,0.7426679971137233,0.43765045507739014,False,True,mean_R<=0.10; PF<=1.30; win<=50%; second_half<=0; cost1.5x<=0; one_sector
sector_x_direction:FMCG / UP,sector_x_direction,FMCG / UP,sector == 'FMCG' & direction == 'UP',2160,0.26944444444444443,-0.4288047955678877,-0.9759439917483144,0.49257723786106966,-924.7841684117705,-0.3127809106826912,0.0,-0.5810031869318337,-0.7332015782957798,1656,504,-0.3149997886516899,-0.8027355325782521,0.4877357439265622,1,3,FMCG,2160,BRITANNIA,1260,2160,0,0.12916666666666668,0.4583333333333333,0.4125,13.377777777777778,0.8044156008197447,0.7619116180418511,0.43650642995306116,False,True,mean_R<=0.10; PF<=1.30; win<=50%; second_half<=0; cost1.5x<=0; one_sector
sector_x_direction:BANKING / UP,sector_x_direction,BANKING / UP,sector == 'BANKING' & direction == 'UP',2016,0.3412698412698413,-0.4335868247060316,-1.1848163560002445,0.4772804016027592,-962.7117471969688,-0.32193285435520846,0.0,-0.5885908011449453,-0.7435947775838593,324,1692,-0.011454667470296442,-0.5144206420490447,0.5029659745787483,1,5,BANKING,2016,AXISBANK,1044,2016,0,0.2058531746031746,0.49503968253968256,0.29910714285714285,10.699900793650794,0.7837227278794421,0.7438359776447196,0.41436433352622914,False,True,mean_R<=0.10; PF<=1.30; win<=50%; second_half<=0; cost1.5x<=0; one_sector
symbol:LUPIN,symbol,LUPIN,symbol == 'LUPIN',2772,0.31385281385281383,-0.4395574262295186,-1.2503018768641725,0.5293920737664564,-1233.0732109127816,-0.29388628315814697,0.0,-0.5598783817795151,-0.6801993373295117,396,2376,-1.2603715849522934,-0.30275506644238936,0.957616518509904,1,1,PHARMA,2772,LUPIN,2772,2772,0,0.2261904761904762,0.6403318903318903,0.13347763347763347,7.8896103896103895,0.8079947497757962,0.7208736986274819,0.4361447403131002,False,True,mean_R<=0.10; PF<=1.30; win<=50%; second_half<=0; cost1.5x<=0; one_symbol; one_sector
sector:BANKING,sector,BANKING,sector == 'BANKING',2520,0.31706349206349205,-0.45836037773973604,-1.2436556380791208,0.48140951174649077,-1159.9270719647277,-0.3206712662334556,0.0,-0.6093541359721708,-0.7603478942046054,324,2196,-0.011454667470296442,-0.5242972858122762,0.5128426183419798,1,5,BANKING,2520,AXISBANK,1044,2016,504,0.198015873015873,0.5412698412698412,0.26071428571428573,10.10515873015873,0.7838079875829183,0.7575635332941456,0.41559487730347094,False,True,mean_R<=0.10; PF<=1.30; win<=50%; second_half<=0; cost1.5x<=0; one_sector
factor_x_distance:EQHL / 3-5,factor_x_distance,EQHL / 3-5,factor_enriched == 'EQHL' & distance_bucket == '3-5',4932,0.35077047850770476,-0.4591808655992172,-0.9735333620672818,0.4414102675924284,-2580.925261939329,-0.3764727330194468,0.0,-0.6099606580859513,-0.7607404505726852,1476,3456,0.08749553632634789,-0.6926572455882607,0.7801527819146086,5,19,PHARMA,2196,LUPIN,936,4536,396,0.28203568532035683,0.45904298459042986,0.2589213300892133,8.923357664233576,0.8018685289270193,0.7543518094427777,0.4432492341915997,False,True,mean_R<=0.10; PF<=1.30; win<=50%; second_half<=0; cost1.5x<=0; first_half_only
vol_regime:high_vol,vol_regime,high_vol,vol_regime == 'high_vol',2340,0.28034188034188035,-0.47831604349658335,-1.1928301509053534,0.4363505185032511,-1278.5496582999856,-0.3913848462647772,0.0,-0.5700288469760785,-0.6617416504555738,180,2160,1.0114303265270137,-0.602461574331883,1.6138919008588966,4,13,PHARMA,1692,LUPIN,1080,2196,144,0.20726495726495728,0.6230769230769231,0.16965811965811967,10.543162393162394,0.8089710907664864,0.7853868371777908,0.431060480910092,False,True,mean_R<=0.10; PF<=1.30; win<=50%; second_half<=0; cost1.5x<=0; first_half_only
symbol:INFY,symbol,INFY,symbol == 'INFY',144,0.3333333333333333,-0.4952861058911705,-1.4525447526175808,0.5337420785000719,-81.20734387113094,-0.3072428544570735,1.0640088247028e-309,-0.6481372000581778,-0.8009882942251854,108,36,-0.19449269684189469,-1.3976663330389982,1.2031736361971035,1,1,IT,144,INFY,144,36,108,0.2222222222222222,0.6666666666666666,0.1111111111111111,6.680555555555555,0.7683896351409832,0.5768777048294944,0.42090116911333686,False,True,mean_R<=0.10; PF<=1.30; win<=50%; second_half<=0; cost1.5x<=0; one_symbol; one_sector
time_x_direction:afternoon / DOWN,time_x_direction,afternoon / DOWN,time_bucket == 'afternoon' & direction == 'DOWN',2124,0.3370998116760829,-0.5053842954580969,-0.8465862345181275,0.428525650963188,-1071.6202598158934,-0.3664277954175805,0.0,-0.6816699276302661,-0.8579555598024352,324,1800,0.02593374848935211,-0.6010215433686378,0.6269552918579899,5,15,IT,900,TCS,468,0,2124,0.18220338983050846,0.4576271186440678,0.3601694915254237,10.145951035781545,0.7928454743301614,0.7036171258571037,0.4356361390661066,False,True,mean_R<=0.10; PF<=1.30; win<=50%; second_half<=0; cost1.5x<=0; first_half_only
sector_x_direction:BANKING / DOWN,sector_x_direction,BANKING / DOWN,sector == 'BANKING' & direction == 'DOWN',504,0.22023809523809523,-0.5574545898745538,-1.3450963185067,0.4938487719335122,-288.84688993003965,-0.32439789269010294,0.0,-0.6924074752810717,-0.8273603606875898,216,288,0.5797343431337288,-1.4103462896307655,1.9900806327644944,1,2,BANKING,504,HDFCBANK,396,0,504,0.16666666666666666,0.7261904761904762,0.10714285714285714,7.726190476190476,0.7841490263968239,0.8124737558918498,0.42051705241243864,False,True,mean_R<=0.10; PF<=1.30; win<=50%; second_half<=0; cost1.5x<=0; one_sector; first_half_only
factor:PD,factor,PD,factor_enriched == 'PD',252,0.2619047619047619,-0.5669026272484002,-0.5871215954702013,0.33353519801910564,-186.46037792485524,-0.4794673016912309,0.0,-0.7411592419201626,-0.9154158565919249,72,180,0.6574591425309696,-1.0566473351601482,1.714106477691118,2,4,BANKING,180,SBIN,144,252,0,0.20634920634920634,0.44047619047619047,0.3531746031746032,10.30952380952381,0.7827849488920439,0.6484459402716601,0.326683614196101,False,True,mean_R<=0.10; PF<=1.30; win<=50%; second_half<=0; cost1.5x<=0; first_half_only
direction:DOWN,direction,DOWN,direction == 'DOWN',2664,0.3036786786786787,-0.5865189313863358,-1.2057499356804664,0.36327272421221574,-1560.6704494760922,-0.44582192095733053,0.0,-0.751625913841328,-0.9167328962963202,324,2340,0.02593374848935211,-0.6713200716768157,0.6972538201661679,5,15,IT,1296,WIPRO,576,0,2664,0.15765765765765766,0.5135135135135135,0.32882882882882886,10.362612612612613,0.7951761364374225,0.719970942981964,0.4324701616205543,False,True,mean_R<=0.10; PF<=1.30; win<=50%; second_half<=0; cost1.5x<=0; first_half_only
symbol:NESTLEIND,symbol,NESTLEIND,symbol == 'NESTLEIND',504,0.35714285714285715,-0.5871706955334962,-1.4167209031668357,0.4134051587362191,-297.0409971199138,-0.4357709174104256,0.0,-0.7642838024158062,-0.9413969092981161,468,36,-0.5113241186697227,-1.573176194762551,1.0618520760928285,1,1,FMCG,504,NESTLEIND,504,504,0,0.2261904761904762,0.6428571428571429,0.13095238095238096,9.357142857142858,0.775610073780224,0.6672873635560206,0.4483886794541803,False,True,mean_R<=0.10; PF<=1.30; win<=50%; second_half<=0; cost1.5x<=0; one_symbol; one_sector
symbol:WIPRO,symbol,WIPRO,symbol == 'WIPRO',720,0.25833333333333336,-0.6369926755952661,-1.158842158376717,0.25049957595778877,-456.8168893180901,-0.6262772646295585,0.0,-0.7610453790945447,-0.8850980825938234,504,216,-0.6207220422618096,-0.6749574867066647,0.05423544444485506,1,1,IT,720,WIPRO,720,144,576,0.09166666666666666,0.525,0.38333333333333336,11.215277777777779,0.8104771166719078,0.7854804425604927,0.42114272175474904,False,True,mean_R<=0.10; PF<=1.30; win<=50%; second_half<=0; cost1.5x<=0; one_symbol; one_sector
symbol:HCLTECH,symbol,HCLTECH,symbol == 'HCLTECH',72,0.3333333333333333,-0.6428462118812589,-1.377673970836507,0.347597723249516,-45.980926987771845,-0.531926339900774,7.376946848295028e-153,-0.7718396367137541,-0.9008330615462494,36,36,-1.4450671488808169,0.15937472511829923,1.6044418739991162,1,1,IT,72,HCLTECH,72,72,0,0.3055555555555556,0.625,0.06944444444444445,8.13888888888889,0.7840303566998439,0.7097838633966067,0.42818340699024204,False,True,n<100; mean_R<=0.10; PF<=1.30; win<=50%; cost1.5x<=0; one_symbol; one_sector
volatility_x_distance:high_vol / 3-5,volatility_x_distance,high_vol / 3-5,vol_regime == 'high_vol' & distance_bucket == '3-5',1728,0.2337962962962963,-0.6576602459844453,-1.218976943132313,0.28331972577798287,-1231.7072333229935,-0.6245832180842884,0.0,-0.749076821964759,-0.8404933979450725,36,1692,1.424547223077287,-0.7019625325602269,2.126509755637514,4,11,PHARMA,1368,LUPIN,828,1620,108,0.17881944444444445,0.671875,0.14930555555555555,9.721064814814815,0.820249758287651,0.7886506879734947,0.42997293632479733,False,True,mean_R<=0.10; PF<=1.30; win<=50%; second_half<=0; cost1.5x<=0; first_half_only
factor:PM,factor,PM,factor_enriched == 'PM',108,0.19444444444444445,-0.6578212660459641,-0.5137916167842017,0.14533593517204613,-70.7875695501358,-0.8093921799326187,6.2050500352887165e-282,-0.8179402410782293,-0.9780592161104944,72,36,-0.2111860546645928,-1.551091688808707,1.3399056341441142,1,1,AUTO,108,MARUTI,108,72,36,0.16666666666666666,0.3888888888888889,0.4444444444444444,13.75925925925926,0.779631348911007,0.7087641763336258,0.3532458881270307,False,True,mean_R<=0.10; PF<=1.30; win<=50%; second_half<=0; cost1.5x<=0; one_symbol; one_sector
factor_x_distance:PM / 3-5,factor_x_distance,PM / 3-5,factor_enriched == 'PM' & distance_bucket == '3-5',108,0.19444444444444445,-0.6578212660459641,-0.5137916167842017,0.14533593517204613,-70.7875695501358,-0.8093921799326187,6.2050500352887165e-282,-0.8179402410782293,-0.9780592161104944,72,36,-0.2111860546645928,-1.551091688808707,1.3399056341441142,1,1,AUTO,108,MARUTI,108,72,36,0.16666666666666666,0.3888888888888889,0.4444444444444444,13.75925925925926,0.779631348911007,0.7087641763336258,0.3532458881270307,False,True,mean_R<=0.10; PF<=1.30; win<=50%; second_half<=0; cost1.5x<=0; one_symbol; one_sector
factor_x_distance:PD / 3-5,factor_x_distance,PD / 3-5,factor_enriched == 'PD' & distance_bucket == '3-5',216,0.2222222222222222,-0.6741166503841087,-0.5871215954702013,0.27204097169606023,-189.21011234122582,-0.588481913160877,0.0,-0.8374696482458714,-1.0008226461076342,36,180,1.2385367734960882,-1.0566473351601482,2.2951841086562363,2,3,BANKING,144,SBIN,144,216,0,0.18518518518518517,0.4861111111111111,0.3287037037037037,9.777777777777779,0.7876956598553922,0.6499212788786968,0.3240525463740785,False,True,mean_R<=0.10; PF<=1.30; win<=50%; second_half<=0; cost1.5x<=0; first_half_only
sector_x_direction:IT / DOWN,sector_x_direction,IT / DOWN,sector == 'IT' & direction == 'DOWN',1296,0.22376543209876543,-0.7432182958950568,-1.187668796270466,0.21343320791687226,-961.1677173380111,-0.683378326840774,0.0,-0.9016374797769283,-1.0600566636587998,180,1116,-1.2543616892635419,-0.6607758130936884,0.5935858761698535,1,4,IT,1296,WIPRO,576,0,1296,0.10339506172839506,0.5208333333333334,0.3757716049382716,10.705246913580247,0.7997568175464168,0.7133831101382817,0.4338198512170509,False,True,mean_R<=0.10; PF<=1.30; win<=50%; second_half<=0; cost1.5x<=0; one_sector
symbol:DABUR,symbol,DABUR,symbol == 'DABUR',252,0.39285714285714285,-0.753731053613517,-1.5179491164989574,0.25538728955134443,-187.7943717794171,-0.6249569439162803,0.0,-0.9687087684127429,-1.1836864832119685,108,144,-0.9508394243892089,-0.6058997755317483,0.34493964885746053,1,1,FMCG,252,DABUR,252,0,252,0.3333333333333333,0.5119047619047619,0.15476190476190477,9.392857142857142,0.8166971546496009,0.6504247821170787,0.43703872739174515,False,True,mean_R<=0.10; PF<=1.30; win<=50%; second_half<=0; cost1.5x<=0; one_symbol; one_sector
time_x_direction:midday / DOWN,time_x_direction,midday / DOWN,time_bucket == 'midday' & direction == 'DOWN',216,0.20833333333333334,-0.8749055976834187,-1.2461898249972398,0.08962759138548773,-186.9268238018346,-1.0620117275275789,0.0,-1.0032386154826491,-1.131571633281879,36,180,-1.6862099754519513,-0.7126447221297122,0.9735652533222391,1,2,IT,216,WIPRO,144,0,216,0.0,0.6111111111111112,0.3888888888888889,16.38888888888889,0.8151607389369665,0.7640515803839586,0.41998497413901814,False,True,mean_R<=0.10; PF<=1.30; win<=50%; second_half<=0; cost1.5x<=0; one_sector
symbol:AXISBANK,symbol,AXISBANK,symbol == 'AXISBANK',1044,0.19636015325670497,-0.8899968011433423,-1.2456307340533048,0.15344310939512268,-927.7433137767849,-0.925837491768356,0.0,-1.0329951205708785,-1.1759934399984147,216,828,-0.24819931890609673,-1.057422231292189,0.8092229123860923,1,1,BANKING,1044,AXISBANK,1044,1044,0,0.13505747126436782,0.6839080459770115,0.1810344827586207,9.49712643678161,0.7786946139129893,0.7783782540277342,0.4285069132576462,False,True,mean_R<=0.10; PF<=1.30; win<=50%; second_half<=0; cost1.5x<=0; one_symbol; one_sector
sector_x_direction:AUTO / DOWN,sector_x_direction,AUTO / DOWN,sector == 'AUTO' & direction == 'DOWN',144,0.25,-1.0017024877090936,-1.7051441702044707,0.2520645995793991,-192.85777641891718,-0.7037043452549196,1.404979256976714e-223,-1.1976501468527303,-1.3935978059963672,36,108,1.3503505052446556,-1.7857201520270098,3.1360706572716657,1,2,AUTO,144,MARUTI,108,0,144,0.1875,0.75,0.0625,7.8125,0.8043542473696943,0.6364245049361587,0.434528509273421,False,True,mean_R<=0.10; PF<=1.30; win<=50%; second_half<=0; cost1.5x<=0; one_sector; first_half_only
symbol:TCS,symbol,TCS,symbol == 'TCS',792,0.09722222222222222,-1.0024618850223823,-1.1106806066042576,0.04806712495992255,-793.4306747212487,-1.1872057164919931,0.0,-1.1976421566600293,-1.392822428297676,36,756,-1.181925149288818,-0.9939160152954094,0.18800913399340868,1,1,IT,792,TCS,792,252,540,0.06818181818181818,0.4734848484848485,0.4583333333333333,10.327020202020202,0.7993560711350114,0.6702619138090649,0.4445570528477723,False,True,mean_R<=0.10; PF<=1.30; win<=50%; second_half<=0; cost1.5x<=0; one_symbol; one_sector
day_of_week:Sunday,day_of_week,Sunday,day_of_week == 'Sunday',36,0.0,-1.2968426981443855,-1.2761375117172473,0.0,-45.28132802558408,-15.748454873267928,1.516568589019804e-120,-1.3838004101102521,-1.4707581220761183,0,36,,-1.2968426981443855,,1,1,PHARMA,36,LUPIN,36,36,0,0.0,1.0,0.0,0.3333333333333333,0.7533206831119545,0.8366336633663365,0.42108551994990784,False,True,n<100; mean_R<=0.10; PF<=1.30; win<=50%; second_half<=0; cost1.5x<=0; one_symbol; one_sector
p_touch_tier:95+,p_touch_tier,95+,p_touch_tier == '95+',36,0.0,-1.5648649950131588,-1.5294764681484159,0.0,-54.576596930493196,-10.579016178815547,1.4453516400759506e-149,-1.731441486020878,-1.8980179770285963,0,36,,-1.5648649950131588,,1,1,AUTO,36,TVSMOTOR,36,36,0,0.0,1.0,0.0,2.6666666666666665,0.9552238805970151,0.5829340634268765,0.3938391982928599,False,True,n<100; mean_R<=0.10; PF<=1.30; win<=50%; second_half<=0; cost1.5x<=0; one_symbol; one_sector
symbol:CIPLA,symbol,CIPLA,symbol == 'CIPLA',36,0.0,-1.664514393293452,-1.8198244074067818,0.0,-57.85937358705522,-4.058711858505533,2.996840049716573e-81,-1.9087574648505279,-2.1530005364076037,0,36,,-1.664514393293452,,1,1,PHARMA,36,CIPLA,36,0,36,0.0,0.6666666666666666,0.3333333333333333,8.75,0.7533206831119545,0.6169154228855722,0.4510183749430371,False,True,n<100; mean_R<=0.10; PF<=1.30; win<=50%; second_half<=0; cost1.5x<=0; one_symbol; one_sector
q_percentile_tier:top25-10,q_percentile_tier,top25-10,q_percentile_tier == 'top25-10',3888,0.5272633744855967,0.21434996474800685,0.1307756306384626,1.3483033178076398,-274.21517985996155,0.12897041018906752,0.0,0.08394569583057507,-0.04645857308685676,1872,2016,0.36835316476057606,0.07134699330776408,0.297006171452812,4,14,PHARMA,1980,LUPIN,864,3888,0,0.3338477366255144,0.382201646090535,0.2839506172839506,11.974279835390947,0.804057862105941,0.8133386401562015,0.4488449545496814,False,False,cost1.5x<=0
day_of_week:Thursday,day_of_week,Thursday,day_of_week == 'Thursday',5832,0.5577846364883402,0.18880606621112322,0.3664910778841918,1.3297668087077918,-518.5456173350402,0.12338287181587018,0.0,0.06579159317005373,-0.05722287987101583,2340,3492,0.3606378706255689,0.07366104263443289,0.286976827991136,5,21,AUTO,2952,MARUTI,1872,5292,540,0.32253086419753085,0.37448559670781895,0.3029835390946502,11.75462962962963,0.7971408003183591,0.8332769539136445,0.42612723194414337,False,False,cost1.5x<=0
direction_conf_tier:80+,direction_conf_tier,80+,direction_conf_tier == '80+',14688,0.5171568627450981,0.17880913329502512,0.024310138752417373,1.3107452081238617,-900.1963907148811,0.11465194548222346,0.0,0.06585409022033055,-0.04710095285436401,7704,6984,0.28151424427833177,0.06551586654024351,0.21599837773808828,5,20,AUTO,5328,DRREDDY,3744,13824,864,0.2969090413943355,0.36485566448801743,0.3382352941176471,13.19614651416122,0.8067908849404845,0.9039538928938605,0.4299221746159352,False,False,cost1.5x<=0
time_x_distance:midday / 3-5,time_x_distance,midday / 3-5,time_bucket == 'midday' & distance_bucket == '3-5',1008,0.5456349206349206,0.051164750797699214,0.33779907625411515,1.0879976197411885,-247.2286242931336,0.03772662354607223,0.0,-0.09588381553610419,-0.24293238186990762,252,756,-1.0028267747029744,0.4024952592979238,1.4053220340008983,4,10,PHARMA,396,SUNPHARMA,252,864,144,0.42956349206349204,0.33630952380952384,0.23412698412698413,13.620039682539682,0.7959440715897813,0.6811149060272896,0.4141405578313456,False,False,mean_R<=0.10; PF<=1.30; cost1.5x<=0
confluence_bucket:2,confluence_bucket,2,confluence_bucket == '2',504,0.375,-0.07287630755891941,-0.3694178214674686,0.90704007548552,-217.6725173825235,-0.04047664324300835,0.0,-0.23302236375894259,-0.3931684199589656,324,180,-0.5966263651852679,0.8698737961685078,1.4665001613537756,4,7,AUTO,360,TVSMOTOR,216,468,36,0.27380952380952384,0.4523809523809524,0.27380952380952384,10.192460317460318,0.8132947895392221,0.7401350660807323,0.4147092522289911,False,False,mean_R<=0.10; PF<=1.30; win<=50%; cost1.5x<=0
factor_x_distance:OB / 5-8,factor_x_distance,OB / 5-8,factor_enriched == 'OB' & distance_bucket == '5-8',1548,0.4166666666666667,-0.09183050965905001,-0.3960287941166295,0.8681329433155209,-261.512985780982,-0.05841443268201975,0.0,-0.21288564181836092,-0.3339407739776718,792,756,-0.25959336653476184,0.08392105468693371,0.34351442122169557,5,14,PHARMA,612,DRREDDY,324,1476,72,0.14082687338501293,0.4321705426356589,0.42700258397932817,14.069767441860465,0.7952743434598898,0.8250969636249732,0.439172177234386,False,False,mean_R<=0.10; PF<=1.30; win<=50%; cost1.5x<=0
factor:OB,factor,OB,factor_enriched == 'OB',4248,0.4378531073446328,-0.14491645596119218,-0.5436002429800985,0.7867457181469141,-622.3125802902049,-0.10341432158211075,0.0,-0.26987927513402143,-0.39484209430685063,1908,2340,-0.2833443188965759,-0.032044506183110104,0.2512998127134658,5,18,PHARMA,1836,DRREDDY,828,3924,324,0.2631826741996234,0.4110169491525424,0.3258003766478343,12.25894538606403,0.8026711130938424,0.8005228632204966,0.43733281561149057,False,False,mean_R<=0.10; PF<=1.30; win<=50%; second_half<=0; cost1.5x<=0
factor_x_distance:OB / 3-5,factor_x_distance,OB / 3-5,factor_enriched == 'OB' & distance_bucket == '3-5',2700,0.45,-0.1753523985077537,-0.5451780049109471,0.7382382522450687,-535.4997070033164,-0.13565495894863389,0.0,-0.3025556249016668,-0.42975885129557995,1116,1584,-0.3001998334759278,-0.08739170568926741,0.21280812778666042,5,17,PHARMA,1224,DRREDDY,504,2448,252,0.3333333333333333,0.3988888888888889,0.2677777777777778,11.220740740740741,0.8069119276839752,0.78643371232193,0.43627824828103057,False,False,mean_R<=0.10; PF<=1.30; win<=50%; second_half<=0; cost1.5x<=0
p_touch_tier:80-85,p_touch_tier,80-85,p_touch_tier == '80-85',9468,0.4152936206168145,-0.2135339644633666,-0.5749392010862956,0.714194238387199,-2020.326228922302,-0.14691138101295007,0.0,-0.3534574103692195,-0.4933808562750724,4104,5364,-0.02513299241215831,-0.35767967462335143,0.3325466822111931,5,23,AUTO,3348,MARUTI,1512,8568,900,0.22264469792986905,0.43652302492606676,0.3408322771440642,11.33312209547951,0.8197699946536136,0.788431464781991,0.4296541633358584,False,False,mean_R<=0.10; PF<=1.30; win<=50%; second_half<=0; cost1.5x<=0
tf_bucket:3,tf_bucket,3,tf_bucket == '3',5724,0.41264849755415794,-0.2295358957739788,-0.47361145157104234,0.6856214570145994,-1312.4501207933995,-0.16326595158045004,0.0,-0.3693872754113255,-0.509238655048672,2520,3204,-0.04246271937023489,-0.37667210193422684,0.33420938256399196,5,19,AUTO,1944,MARUTI,792,5220,504,0.22396925227113906,0.43570929419986026,0.3403214535290007,11.70335429769392,0.801322626847863,0.783328133255653,0.4238461859045052,False,False,mean_R<=0.10; PF<=1.30; win<=50%; second_half<=0; cost1.5x<=0
tf_count_bucket:3,tf_count_bucket,3,tf_count_bucket == '3',5724,0.41264849755415794,-0.2295358957739788,-0.47361145157104234,0.6856214570145994,-1312.4501207933995,-0.16326595158045004,0.0,-0.3693872754113255,-0.509238655048672,2520,3204,-0.04246271937023489,-0.37667210193422684,0.33420938256399196,5,19,AUTO,1944,MARUTI,792,5220,504,0.22396925227113906,0.43570929419986026,0.3403214535290007,11.70335429769392,0.801322626847863,0.783328133255653,0.4238461859045052,False,False,mean_R<=0.10; PF<=1.30; win<=50%; second_half<=0; cost1.5x<=0
q_percentile_tier:top50-25,q_percentile_tier,top50-25,q_percentile_tier == 'top50-25',6732,0.40329768270944744,-0.23113218774909086,-0.581965351972845,0.6828303252672026,-1556.905785931473,-0.16598344752334884,0.0,-0.3591688908626632,-0.4872055939762354,2052,4680,-0.13486790644461655,-0.27334037262874494,0.1384724661841284,5,20,PHARMA,3168,DRREDDY,1692,6012,720,0.22474747474747475,0.4474153297682709,0.32783719548425433,11.424093879976233,0.8021615868640289,0.7961513401160257,0.4331091396242662,False,False,mean_R<=0.10; PF<=1.30; win<=50%; second_half<=0; cost1.5x<=0
p_touch_tier:85-90,p_touch_tier,85-90,p_touch_tier == '85-90',3780,0.38756613756613756,-0.2368196835333138,-0.5438810836646764,0.6691919478363845,-1225.2605973617979,-0.16904764620320664,0.0,-0.3766477055466983,-0.5164757275600826,1512,2268,-0.20139747320506649,-0.2604344904188119,0.05903701721374541,5,16,PHARMA,1584,DRREDDY,972,3636,144,0.21164021164021163,0.4396825396825397,0.3486772486772487,12.158994708994708,0.8645861729492151,0.7995377702590273,0.4244460278996266,False,False,mean_R<=0.10; PF<=1.30; win<=50%; second_half<=0; cost1.5x<=0
confluence_bucket:1,confluence_bucket,1,confluence_bucket == '1',216,0.4027777777777778,-0.26299508195693383,-0.4513806392117611,0.6094525442662901,-72.9165184902647,-0.22453328996533126,0.0,-0.4639163880791378,-0.6648376942013416,180,36,-0.036060831740521,-1.3976663330389982,1.3616055012984771,3,4,BANKING,108,SBIN,108,216,0,0.2222222222222222,0.3333333333333333,0.4444444444444444,8.319444444444445,0.8086235820611803,0.6001559705882868,0.3742989044517519,False,False,mean_R<=0.10; PF<=1.30; win<=50%; second_half<=0; cost1.5x<=0
volatility_x_distance:low_vol / 5-8,volatility_x_distance,low_vol / 5-8,vol_regime == 'low_vol' & distance_bucket == '5-8',3960,0.41085858585858587,-0.27484266984183947,-0.5432660383430645,0.6354154630353671,-1086.4496133021375,-0.19153185594428926,0.0,-0.43145668237097273,-0.588070694900106,1620,2340,-0.16448373962341092,-0.3512450061469054,0.18676126652349448,5,20,PHARMA,1584,DRREDDY,864,3312,648,0.13358585858585859,0.44242424242424244,0.423989898989899,10.99090909090909,0.8117044462147268,0.7778658925539785,0.42824253184766364,False,False,mean_R<=0.10; PF<=1.30; win<=50%; second_half<=0; cost1.5x<=0
time_x_direction:afternoon / UP,time_x_direction,afternoon / UP,time_bucket == 'afternoon' & direction == 'UP',14328,0.3957286432160804,-0.29825172904704794,-0.6700022984818547,0.6138509526032611,-4271.937427169169,-0.21256367214736402,0.0,-0.4498119011144892,-0.6013720731819304,7560,6768,-0.09694012807116949,-0.5231210705626569,0.4261809424914874,5,20,AUTO,5328,DRREDDY,2700,14328,0,0.19395589056393076,0.4388609715242881,0.36718313791178114,10.262074260189838,0.8069750016354414,0.7775637280914826,0.4284573508218493,False,False,mean_R<=0.10; PF<=1.30; win<=50%; second_half<=0; cost1.5x<=0
confluence_bucket:3,confluence_bucket,3,confluence_bucket == '3',972,0.39197530864197533,-0.313026402648529,-0.3690779188452527,0.574118153691219,-302.67113548996497,-0.24634069580315468,0.0,-0.466226863402378,-0.6194273241562271,396,576,-0.4132885029101965,-0.24409620871863277,0.1691922941915637,4,10,AUTO,540,TVSMOTOR,252,936,36,0.27469135802469136,0.46296296296296297,0.2623456790123457,9.5,0.8288620436838485,0.6898750083387695,0.40314433464035165,False,False,mean_R<=0.10; PF<=1.30; win<=50%; second_half<=0; cost1.5x<=0
time_bucket:afternoon,time_bucket,afternoon,time_bucket == 'afternoon',16452,0.38815949428640895,-0.3249931325880805,-0.7197411718671962,0.5869595185821298,-5345.373670722155,-0.23185059649098774,0.0,-0.47974543189004903,-0.6344977311920176,7884,8568,-0.09189051670566857,-0.5394867161101319,0.4475961994044633,5,24,AUTO,5472,DRREDDY,2772,14328,2124,0.1924386092876246,0.4412837345003647,0.3662776562120107,10.24708242159008,0.8051508394669262,0.7680170113916394,0.42938415280524356,False,False,mean_R<=0.10; PF<=1.30; win<=50%; second_half<=0; cost1.5x<=0
distance_bucket:3-5,distance_bucket,3-5,distance_bucket == '3-5',14580,0.37338820301783265,-0.3839243082391001,-0.761308691813936,0.5079207324930493,-5596.2030675091555,-0.3079127131071093,0.0,-0.5236284782135756,-0.663332648188051,5004,9576,-0.14828022756246526,-0.50706162859268,0.3587814010302147,5,23,PHARMA,5220,DRREDDY,2304,13068,1512,0.2806584362139918,0.4547325102880658,0.2646090534979424,10.718518518518518,0.8079502508785891,0.7711746367064978,0.4277571588622081,False,False,mean_R<=0.10; PF<=1.30; win<=50%; second_half<=0; cost1.5x<=0
day_of_week:Tuesday,day_of_week,Tuesday,day_of_week == 'Tuesday',4752,0.3423821548821549,-0.40648332194013714,-0.9587063040388111,0.5136196073487376,-1929.9951223131995,-0.30060153397107797,0.0,-0.5617966451396926,-0.7171099683392481,1944,2808,-0.19415128472024507,-0.5534824246308317,0.3593311399105867,5,19,AUTO,1908,TVSMOTOR,648,3888,864,0.23884680134680134,0.47095959595959597,0.29019360269360267,10.892676767676768,0.8053075366463106,0.7446034628612055,0.4264181763872432,False,False,mean_R<=0.10; PF<=1.30; win<=50%; second_half<=0; cost1.5x<=0
factor_x_distance:FVG / 3-5,factor_x_distance,FVG / 3-5,factor_enriched == 'FVG' & distance_bucket == '3-5',5544,0.3647186147186147,-0.4235145282325382,-1.029662536995524,0.4741468228852752,-2346.719454391734,-0.34056499408588126,0.0,-0.5572302852944003,-0.6909460423562621,1872,3672,-0.29776896952087895,-0.4876201071835802,0.18985113766270123,5,21,AUTO,1836,DRREDDY,900,4824,720,0.2509018759018759,0.4898989898989899,0.2591991341991342,11.885281385281385,0.8098869378703935,0.7954467830051088,0.42217577246088045,False,False,mean_R<=0.10; PF<=1.30; win<=50%; second_half<=0; cost1.5x<=0
direction_conf_tier:70-80,direction_conf_tier,70-80,direction_conf_tier == '70-80',2916,0.36385459533607684,-0.44448948933682486,-1.206021378139753,0.47118556086899366,-1294.2039916346237,-0.34516284506880257,0.0,-0.5809552863710038,-0.7174210834051827,864,2052,-0.5483746375977439,-0.4007483742795958,0.14762626331814804,5,15,PHARMA,1080,LUPIN,684,2268,648,0.20233196159122085,0.5521262002743484,0.24554183813443073,9.946159122085048,0.801220555111851,0.764744541848288,0.4319412277921411,False,False,mean_R<=0.10; PF<=1.30; win<=50%; second_half<=0; cost1.5x<=0
day_of_week:Monday,day_of_week,Monday,day_of_week == 'Monday',6840,0.3298245614035088,-0.45359649277405745,-0.9759439917483144,0.43910401761194257,-3105.960127021709,-0.3539365908720361,0.0,-0.576178984946315,-0.6987614771185727,2700,4140,-0.4158821402406639,-0.47819280964366195,0.062310669402998065,5,20,PHARMA,3240,DRREDDY,1944,6552,288,0.11871345029239766,0.4780701754385965,0.40321637426900586,13.971929824561403,0.8109676291829877,0.8103912202978354,0.4295179711082433,False,False,mean_R<=0.10; PF<=1.30; win<=50%; second_half<=0; cost1.5x<=0
vol_regime:low_vol,vol_regime,low_vol,vol_regime == 'low_vol',8640,0.347337962962963,-0.46432337207226004,-0.7279992361373074,0.4284953160299314,-4012.7548676902293,-0.365390544536926,0.0,-0.6285683106088834,-0.792813249145507,3600,5040,-0.416910285602036,-0.49818986240813423,0.08127957680609821,5,23,PHARMA,3348,DRREDDY,2052,7380,1260,0.16527777777777777,0.4355324074074074,0.3991898148148148,10.92650462962963,0.8098719017661059,0.7487459152771555,0.43024703360117433,False,False,mean_R<=0.10; PF<=1.30; win<=50%; second_half<=0; cost1.5x<=0
p_touch_tier:90-95,p_touch_tier,90-95,p_touch_tier == '90-95',864,0.3414351851851852,-0.5197787363033497,-1.1743524411628283,0.40718902941596,-458.6553224922609,-0.4152198866610936,0.0,-0.6525183166910885,-0.7852578970788273,72,792,-0.4469623837175855,-0.5263984047202374,0.07943602100265185,3,8,PHARMA,468,DRREDDY,252,792,72,0.21064814814814814,0.5,0.28935185185185186,13.550925925925926,0.9186816578483246,0.8052077163045962,0.42249875997912595,False,False,mean_R<=0.10; PF<=1.30; win<=50%; second_half<=0; cost1.5x<=0
time_x_distance:afternoon / 3-5,time_x_distance,afternoon / 3-5,time_bucket == 'afternoon' & distance_bucket == '3-5',8172,0.3037200195790504,-0.6065692464999409,-1.0825425967728093,0.31839327776139276,-4955.470535780601,-0.5232153491278091,0.0,-0.7678193171224847,-0.9290693877450285,3780,4392,-0.45262269132571226,-0.7390642325105476,0.2864415411848354,5,23,AUTO,2592,DRREDDY,1332,7092,1080,0.2195301027900147,0.4787077826725404,0.30176211453744495,9.55690161527166,0.8042070490267335,0.7451870750224776,0.4299102331033559,False,False,mean_R<=0.10; PF<=1.30; win<=50%; second_half<=0; cost1.5x<=0
volatility_x_distance:low_vol / 3-5,volatility_x_distance,low_vol / 3-5,vol_regime == 'low_vol' & distance_bucket == '3-5',4680,0.2935897435897436,-0.6246531970364619,-0.7723808999312225,0.27538413966046127,-2943.9174682949415,-0.574277720104786,0.0,-0.7953550729640387,-0.9660569488916152,1980,2700,-0.6234410959481838,-0.6255420711678661,0.002100975219682333,5,20,PHARMA,1764,DRREDDY,1188,4068,612,0.1920940170940171,0.42970085470085473,0.3782051282051282,10.872008547008546,0.8083212872326574,0.724105934504459,0.4319431504695296,False,False,mean_R<=0.10; PF<=1.30; win<=50%; second_half<=0; cost1.5x<=0
direction_conf_tier:60-65,direction_conf_tier,60-65,direction_conf_tier == '60-65',1080,0.19166666666666668,-0.6893529311421953,-0.7708860640025066,0.207717143511656,-742.9402365502957,-0.671531063366381,0.0,-0.8682049635293475,-1.0470569959164997,108,972,-0.17897364239596597,-0.7460617410028876,0.5670880986069216,5,13,IT,468,TCS,360,540,540,0.125,0.35555555555555557,0.5194444444444445,11.594444444444445,0.7943277140579325,0.6331009289167517,0.4280851371014881,False,False,mean_R<=0.10; PF<=1.30; win<=50%; second_half<=0; cost1.5x<=0
direction_conf_tier:55-60,direction_conf_tier,55-60,direction_conf_tier == '55-60',5184,0.2611882716049383,-0.6937710392357338,-1.229942453687605,0.2702628742170267,-3596.019618785738,-0.6054089478083029,0.0,-0.8783060595462933,-1.0628410798568522,1332,3852,-0.35573224512065754,-0.8106629586960874,0.45493071357542986,5,17,AUTO,1872,MARUTI,900,4644,540,0.1558641975308642,0.5,0.3441358024691358,10.11766975308642,0.8045110007083922,0.5891658528846759,0.4237598037409678,False,False,mean_R<=0.10; PF<=1.30; win<=50%; second_half<=0; cost1.5x<=0
time_x_direction:morning / DOWN,time_x_direction,morning / DOWN,time_bucket == 'morning' & direction == 'DOWN',324,0.14814814814814814,-0.9261437671622903,-1.335839715051579,0.1845590536860765,-298.27592790030184,-0.8829704610386337,0.0,-1.0424844667974082,-1.1588251664325264,144,180,-0.569025174058847,-1.211838641645045,0.6428134675861981,2,2,IT,180,WIPRO,180,0,324,0.10185185185185185,0.8148148148148148,0.08333333333333333,7.765432098765432,0.7971318530297713,0.7977922080880518,0.42003887890962444,False,False,mean_R<=0.10; PF<=1.30; win<=50%; second_half<=0; cost1.5x<=0
factor:PW,factor,PW,factor_enriched == 'PW',180,0.1,-0.9333352627612246,-1.2653199651915452,0.11910909285803356,-167.31911241044963,-1.1227454229791294,9.92706284257994e-161,-1.074488655738088,-1.215642048714952,108,72,-1.082993096205332,-0.7088485125950634,0.3741445836102686,3,4,BANKING,72,SBIN,72,180,0,0.1,0.45,0.45,10.2,0.7988420715471979,0.6273179577316566,0.3779736022587252,False,False,mean_R<=0.10; PF<=1.30; win<=50%; second_half<=0; cost1.5x<=0
factor:SWING,factor,SWING,factor_enriched == 'SWING',144,0.0,-1.0964002857547799,-1.3809462147659097,0.0,-156.29111326428267,-1.7264693219802718,2.0511246569845732e-244,-1.2564701592040866,-1.4165400326533932,36,108,-0.07317693304394382,-1.4374747366583918,1.364297803614448,2,2,BANKING,72,AXISBANK,72,144,0,0.0,0.7083333333333334,0.2916666666666667,7.833333333333333,0.8299885444393842,0.585875962276768,0.40401667337023617,False,False,mean_R<=0.10; PF<=1.30; win<=50%; second_half<=0; cost1.5x<=0
factor_x_distance:PW / 5-8,factor_x_distance,PW / 5-8,factor_enriched == 'PW' & distance_bucket == '5-8',144,0.0,-1.198488796998982,-1.3016728906311874,0.0,-171.90115188128254,-3.210871389921394,5.336230656582178e-193,-1.3523357183690523,-1.5061826397391225,108,36,-1.082993096205332,-1.5449758993799323,0.4619828031746003,3,3,BANKING,72,SBIN,72,144,0,0.0,0.4791666666666667,0.5208333333333334,9.0,0.7948675818620639,0.5917597599765507,0.37401761765793734,False,False,mean_R<=0.10; PF<=1.30; win<=50%; second_half<=0; cost1.5x<=0
factor_x_distance:SWING / 3-5,factor_x_distance,SWING / 3-5,factor_enriched == 'SWING' & distance_bucket == '3-5',108,0.0,-1.4374747366583918,-1.4391804041506882,0.0,-153.65674367470072,-5.4751695946594126,1.1054263806251777e-27,-1.5842362654932347,-1.7309977943280772,36,72,-1.5648649950131588,-1.3737796074810085,0.19108538753215032,2,2,BANKING,72,AXISBANK,72,108,0,0.0,0.9444444444444444,0.05555555555555555,4.444444444444445,0.8206217489403078,0.5829340634268767,0.4074091650626949,False,False,mean_R<=0.10; PF<=1.30; win<=50%; second_half<=0; cost1.5x<=0
