label,n,win_rate,mean_r,median_r,profit_factor,max_drawdown_r,trade_sharpe,dsr,scenario,path_id,validation_blocks,n_blocks,validation_blocks_per_path,path_pass
long_ex_banking_it,87,0.3563218390804598,-0.014789063325303591,-0.5441802915164327,0.9742463425632263,-27.865931066290504,-0.011404033248910279,1.6442669958094818e-185,long_ex_banking_it,1,0+1,10,2,False
long_ex_banking_it,88,0.5681818181818182,0.22331372968492405,0.5478377543988612,1.452321795340905,-27.865931066290504,0.16280176339713615,8.109312075111292e-176,long_ex_banking_it,2,0+2,10,2,True
long_ex_banking_it,87,0.6781609195402298,0.4806057010214272,0.6165405992891324,2.2499296455678515,-27.865931066290504,0.36383489741802283,6.351814926760661e-134,long_ex_banking_it,3,0+3,10,2,True
long_ex_banking_it,87,0.4482758620689655,0.1100719269361036,-0.3649068075202068,1.2089169443991916,-27.865931066290504,0.08320653936196377,4.708269549011846e-181,long_ex_banking_it,4,0+4,10,2,True
long_ex_banking_it,88,0.38636363636363635,-0.20027773128326815,-0.7279327760784484,0.7004320933804518,-34.325835555420475,-0.15988582443755292,1.5007673761963845e-189,long_ex_banking_it,5,0+5,10,2,False
long_ex_banking_it,87,0.47126436781609193,-0.0354819092806373,-0.3884979301162753,0.9415226269069421,-27.865931066290504,-0.02678919838892756,1.1611997972090397e-186,long_ex_banking_it,6,0+6,10,2,False
long_ex_banking_it,88,0.4090909090909091,-0.19753913188254504,-1.1405280094070682,0.7221385211114354,-27.89134440151973,-0.1504925601017869,2.299695514672497e-185,long_ex_banking_it,7,0+7,10,2,False
long_ex_banking_it,87,0.5632183908045977,0.21792474697107797,0.43717984259147746,1.437349474783257,-27.865931066290504,0.16152157503301598,5.044444405619007e-171,long_ex_banking_it,8,0+8,10,2,True
long_ex_banking_it,87,0.6206896551724138,0.6453424513442506,1.0696347583993053,2.5530599054584173,-27.865931066290504,0.4204244130200204,1.221337499013118e-133,long_ex_banking_it,9,0+9,10,2,True
long_ex_banking_it,87,0.5172413793103449,0.3598031619723195,0.42831664283056914,2.0280031148221536,-18.356025645158777,0.2908633079429535,1.1031434349757189e-173,long_ex_banking_it,10,1+2,10,2,True
long_ex_banking_it,86,0.627906976744186,0.621673986839333,0.746018816808793,3.613590448679042,-16.712877376701286,0.5423116298547551,1.9960857851460018e-128,long_ex_banking_it,11,1+3,10,2,True
long_ex_banking_it,86,0.3953488372093023,0.2468316804972034,-0.3692478701563606,1.6463583497592225,-16.712877376701286,0.20679962481788564,1.355952024902235e-179,long_ex_banking_it,12,1+4,10,2,True
long_ex_banking_it,87,0.3333333333333333,-0.06865716636332315,-0.5437477123651688,0.869686552136753,-37.10704457941024,-0.05952580870405782,4.1973353455267015e-185,long_ex_banking_it,13,1+5,10,2,False
long_ex_banking_it,86,0.4186046511627907,0.09958535781282597,-0.4678399771670399,1.215225094935098,-26.90269915156606,0.08215229980697993,5.873941410097137e-182,long_ex_banking_it,14,1+6,10,2,True
long_ex_banking_it,87,0.3563218390804598,-0.06588708880856876,-0.5450587920369101,0.8843518124468068,-30.6725534255095,-0.05406268771927044,1.0983121106607963e-183,long_ex_banking_it,15,1+7,10,2,False
long_ex_banking_it,86,0.5116279069767442,0.35593860309072406,0.4231111650768441,2.0084274776328406,-16.712877376701286,0.2940272983449951,8.156338397304937e-166,long_ex_banking_it,16,1+8,10,2,True
long_ex_banking_it,86,0.5697674418604651,0.7883262807705612,1.0720475637976878,3.927900737389547,-16.712877376701286,0.5742349886160303,1.3371692940977197e-128,long_ex_banking_it,17,1+9,10,2,True
long_ex_banking_it,87,0.8390804597701149,0.8551979263190502,0.7487800277399609,6.336407905043734,-6.666332641135297,0.7749305869101053,7.391492338661908e-74,long_ex_banking_it,18,2+3,10,2,True
long_ex_banking_it,87,0.6091954022988506,0.4846641522337267,0.6543022129502244,2.60155843458412,-6.975358891811794,0.39522352301444175,4.503343627366527e-145,long_ex_banking_it,19,2+4,10,2,True
long_ex_banking_it,88,0.5454545454545454,0.1700577641814274,0.4437109202522065,1.3805661538882528,-24.35360350468187,0.13616237714202178,1.2779555241737936e-177,long_ex_banking_it,20,2+5,10,2,True
long_ex_banking_it,87,0.632183908045977,0.3391103160169859,0.4945912936466317,1.886530297978169,-14.149258076837691,0.26656209799634134,4.685634570313065e-159,long_ex_banking_it,21,2+6,10,2,True
long_ex_banking_it,88,0.5681818181818182,0.17279636358215053,0.49923343526206626,1.3532035842076595,-19.511587288766258,0.13207634796629697,5.152512244424124e-181,long_ex_banking_it,22,2+7,10,2,True
long_ex_banking_it,87,0.7241379310344828,0.5925169722687013,0.6544257126569392,3.1621852795945404,-6.666332641135297,0.48501554133581914,6.330221071815373e-123,long_ex_banking_it,23,2+8,10,2,True
long_ex_banking_it,87,0.7816091954022989,1.0199346766418735,1.0637480707048923,6.332136358040618,-6.666332641135297,0.7812666528713628,4.131288873352392e-80,long_ex_banking_it,24,2+9,10,2,True
long_ex_banking_it,86,0.7209302325581395,0.7479868490805242,0.7492489531541628,4.938235775527105,-6.975358891811794,0.6771190603336443,1.7702144776677905e-88,long_ex_banking_it,25,3+4,10,2,True
long_ex_banking_it,87,0.6551724137931034,0.42673759798340755,0.7453483270948964,2.2658444842458634,-24.35360350468185,0.3546969847829793,9.149855812707332e-133,long_ex_banking_it,26,3+5,10,2,True
long_ex_banking_it,86,0.7441860465116279,0.6007405263961466,0.7488538767499049,3.218783892470944,-14.149258076837697,0.505126127843483,6.799731487122928e-106,long_ex_banking_it,27,3+6,10,2,True
long_ex_banking_it,87,0.6781609195402298,0.429507675538162,0.6704373038278872,2.130357009070955,-19.51158728876626,0.3395960826266673,4.637035766168715e-142,long_ex_banking_it,28,3+7,10,2,True
long_ex_banking_it,86,0.8372093023255814,0.8570937716740447,0.7493089890943812,6.3231378670458085,-6.391035071751958,0.7990835204183923,1.9195666900051703e-65,long_ex_banking_it,29,3+8,10,2,True
long_ex_banking_it,86,0.8953488372093024,1.2894814493538818,1.3076133657044127,17.682572330823877,-4.673210536390243,1.2124132948442647,1.1656726775469352e-36,long_ex_banking_it,30,3+9,10,2,True
long_ex_banking_it,87,0.42528735632183906,0.056203823898083975,-0.36406168604841216,1.1172182779496664,-31.328962396493672,0.047295558454989874,1.3247038115073272e-182,long_ex_banking_it,31,4+5,10,2,True
long_ex_banking_it,86,0.5116279069767442,0.22589822005401697,0.15570224574449698,1.5446340482764307,-21.124616968649487,0.18389051620331934,8.641122572878723e-168,long_ex_banking_it,32,4+6,10,2,True
long_ex_banking_it,87,0.4482758620689655,0.05897390145283836,-0.36567514284364416,1.1129036407270598,-24.894471242592925,0.047120083742707,4.767459284042126e-184,long_ex_banking_it,33,4+7,10,2,True
long_ex_banking_it,86,0.6046511627906976,0.4822514653319152,0.4803603270438632,2.58098969462592,-6.975358891811801,0.4019372954606226,2.7905942757037784e-136,long_ex_banking_it,34,4+8,10,2,True
long_ex_banking_it,86,0.6627906976744186,0.9146391430117522,1.1479012260490324,5.132773917026541,-6.975358891811801,0.691750004676369,2.1304378688774802e-95,long_ex_banking_it,35,4+9,10,2,True
long_ex_banking_it,87,0.4482758620689655,-0.08935001231865691,-0.014117091070113727,0.8402677836351313,-24.57674149931802,-0.07549888023007549,5.256410842109941e-190,long_ex_banking_it,36,5+6,10,2,False
long_ex_banking_it,88,0.38636363636363635,-0.25079509738604167,-0.7284307459104864,0.6223397043886699,-28.346595773261466,-0.2153782064789281,1.5931026740851143e-187,long_ex_banking_it,37,5+7,10,2,False
long_ex_banking_it,87,0.5402298850574713,0.16405664393305838,0.4290741560553803,1.3638459693564766,-23.625604268544564,0.13420804196965824,2.843625718751816e-172,long_ex_banking_it,38,5+8,10,2,True
long_ex_banking_it,87,0.5977011494252874,0.591474348306231,0.7645387276845831,2.6066543682642487,-23.625604268544564,0.4104413548871648,4.1033472521375434e-138,long_ex_banking_it,39,5+9,10,2,True
long_ex_banking_it,87,0.47126436781609193,-0.08657993476390248,-0.3913409915485359,0.8562349358579111,-21.089455673225178,-0.06941669019899639,4.051008549408488e-187,long_ex_banking_it,40,6+7,10,2,False
long_ex_banking_it,86,0.627906976744186,0.33500514264753756,0.42982867084377274,1.8682171101469793,-13.757637476237631,0.26869150237786976,6.609830282146187e-152,long_ex_banking_it,41,6+8,10,2,True
long_ex_banking_it,86,0.686046511627907,0.7673928203273747,1.0754493158892606,3.5398890826807174,-13.757637476237631,0.5437135161633748,7.048592231183248e-112,long_ex_banking_it,42,6+9,10,2,True
long_ex_banking_it,87,0.5632183908045977,0.16682672148781283,0.4370573269041662,1.3378740413344519,-19.51158728876626,0.12995694188495763,2.832657676092369e-176,long_ex_banking_it,43,7+8,10,2,True
long_ex_banking_it,87,0.6206896551724138,0.5942444258609854,0.7928193871154184,2.445854773471527,-19.51158728876626,0.39812167517873587,4.553356207280206e-143,long_ex_banking_it,44,7+9,10,2,True
long_ex_banking_it,86,0.7790697674418605,1.023746065605273,1.2101199799926203,6.321006359971589,-6.391035071751979,0.7990134769516859,1.3327402272588367e-73,long_ex_banking_it,45,8+9,10,2,True
long_all_sectors,106,0.3584905660377358,-0.04321543207663023,-0.5451044399002246,0.9256741945807249,-29.609811316760187,-0.03381505498967456,2.4004402878510066e-225,long_all_sectors,1,0+1,10,2,False
long_all_sectors,105,0.580952380952381,0.4032407489480811,0.5489223529268537,1.8464446147546947,-27.86593106629051,0.27600684905713235,1.0193961375025246e-187,long_all_sectors,2,0+2,10,2,True
long_all_sectors,106,0.7264150943396226,0.6290752272846596,0.7488093261258693,2.9702213999103435,-27.86593106629051,0.4894047683176748,5.812418893048606e-134,long_all_sectors,3,0+3,10,2,True
long_all_sectors,105,0.44761904761904764,0.182338375241316,-0.07953800122094636,1.3773971527256847,-27.86593106629051,0.13885730119314627,2.0911178521411362e-213,long_all_sectors,4,0+4,10,2,True
long_all_sectors,106,0.41509433962264153,-0.08272745532006866,-0.3902625208608119,0.8682631987803188,-27.86593106629051,-0.06242870205031183,2.0045433029898263e-228,long_all_sectors,5,0+5,10,2,False
long_all_sectors,106,0.5094339622641509,0.08485400056794352,0.10248709771727962,1.1437667310493331,-27.86593106629051,0.06092247017012467,1.1913314299628555e-221,long_all_sectors,6,0+6,10,2,True
long_all_sectors,105,0.6095238095238096,0.29032327643174216,0.27477877194855876,1.6824937896336671,-27.86593106629051,0.2187749328235091,5.156685910032537e-203,long_all_sectors,7,0+7,10,2,True
long_all_sectors,106,0.5471698113207547,0.26845072339258064,0.44614126184218383,1.544640189225201,-27.86593106629051,0.1931678865259893,4.21407782281513e-205,long_all_sectors,8,0+8,10,2,True
long_all_sectors,105,0.6,0.5755792493385933,0.8451368860622449,2.3098175420403475,-27.86593106629051,0.3774037459425476,2.8736469981663632e-170,long_all_sectors,9,0+9,10,2,True
long_all_sectors,105,0.44761904761904764,0.18280017081372554,-0.5432660383430645,1.4006125939066156,-29.609811316760187,0.14315650854237902,1.6336085623367145e-221,long_all_sectors,10,1+2,10,2,True
long_all_sectors,106,0.5943396226415094,0.41071427724591103,0.4896232658315085,2.371840409251528,-29.609811316760187,0.3668963775019563,4.551158422383276e-190,long_all_sectors,11,1+3,10,2,True
long_all_sectors,105,0.3142857142857143,-0.038102202893039595,-0.5432660383430645,0.9177156458753057,-29.609811316760187,-0.03597000196344533,1.127321917487982e-221,long_all_sectors,12,1+4,10,2,False
long_all_sectors,106,0.2830188679245283,-0.30108840535881715,-0.5442630470655975,0.5048481737924609,-36.44099753522095,-0.29480220976028865,1.9266354840949337e-210,long_all_sectors,13,1+5,10,2,False
long_all_sectors,106,0.37735849056603776,-0.1335069494708049,-0.5451500877635391,0.7659077226161949,-29.609811316760187,-0.11705256203252629,1.1006983789236952e-221,long_all_sectors,14,1+6,10,2,False
long_all_sectors,105,0.47619047619047616,0.06988269829738658,-0.2785040230004465,1.1724246937618215,-29.609811316760187,0.06361261994265026,1.8961065839533436e-227,long_all_sectors,15,1+7,10,2,True
long_all_sectors,106,0.41509433962264153,0.050089773353832204,-0.5436002429800985,1.1058995728628063,-29.609811316760187,0.04274396120818666,1.1249256092961332e-226,long_all_sectors,16,1+8,10,2,True
long_all_sectors,105,0.4666666666666667,0.35513867120423775,-0.5432660383430645,1.8468935670342992,-29.609811316760187,0.25773144886485855,7.026375796188025e-216,long_all_sectors,17,1+9,10,2,True
long_all_sectors,105,0.819047619047619,0.8614935983594085,0.7492227236191505,5.4948055701250915,-6.666332641135293,0.7454565308830614,2.9960840892129226e-88,long_all_sectors,18,2+3,10,2,True
long_all_sectors,104,0.5384615384615384,0.41269599169136695,0.4963377963739358,2.1596878722461157,-10.580664313088917,0.3245939172869751,1.8836781983905904e-186,long_all_sectors,19,2+4,10,2,True
long_all_sectors,105,0.5047619047619047,0.14291184258701625,0.06092659980141117,1.2839565289937802,-22.20881120175801,0.10733835856579024,5.340705341120219e-215,long_all_sectors,20,2+5,10,2,True
long_all_sectors,105,0.6,0.3120893123406287,0.42831664283056914,1.6709103559567315,-18.045842582761644,0.2275539562259199,9.059386544952317e-198,long_all_sectors,21,2+6,10,2,True
long_all_sectors,104,0.7019230769230769,0.5217192092393934,0.4963377963739358,2.753374296093701,-8.16790085565134,0.41210061876381143,1.9426875117723607e-170,long_all_sectors,22,2+7,10,2,True
long_all_sectors,105,0.638095238095238,0.4974345753826432,0.5199810506636466,2.3556974044609555,-9.687671047208255,0.3721178843231009,2.0126429011659612e-171,long_all_sectors,23,2+8,10,2,True
long_all_sectors,104,0.6923076923076923,0.8097180280395797,1.0748007876486674,3.597453484818835,-8.296893722269544,0.5672270677261004,7.327235073246574e-130,long_all_sectors,24,2+9,10,2,True
long_all_sectors,105,0.6857142857142857,0.6405912246526434,0.7486556945422234,4.228494905741302,-10.580664313088946,0.6026679535071205,7.554974852820824e-128,long_all_sectors,25,3+4,10,2,True
long_all_sectors,106,0.6509433962264151,0.3712022540024726,0.6546444195504586,2.073049366900533,-22.208811201758003,0.3123772525627565,1.4119640763198296e-169,long_all_sectors,26,3+5,10,2,True
long_all_sectors,106,0.7452830188679245,0.5387837098904849,0.7476725005324565,2.748293911823801,-18.04584258276168,0.4486093749196958,2.3249449417006864e-143,long_all_sectors,27,3+6,10,2,True
long_all_sectors,105,0.8476190476190476,0.7485761258430698,0.7466893065226896,6.322009020844133,-8.16790085565134,0.7248268065713296,2.890952754856587e-109,long_all_sectors,28,3+7,10,2,True
long_all_sectors,106,0.7830188679245284,0.722380432715122,0.7488538767499049,4.426000660620836,-9.68767104720827,0.6421347872129476,1.7953782272517268e-109,long_all_sectors,29,3+8,10,2,True
long_all_sectors,105,0.8380952380952381,1.0338320987499208,1.0696347583993053,7.682585819531166,-8.296893722269552,0.884052878947951,1.6539411673624122e-75,long_all_sectors,30,3+9,10,2,True
long_all_sectors,105,0.37142857142857144,-0.07799053111974884,-0.36567514284364416,0.8470898028971171,-30.974033482760134,-0.06985746126332752,3.338892989058693e-227,long_all_sectors,31,4+5,10,2,False
long_all_sectors,105,0.4666666666666667,0.09118693863386353,-0.07953800122094636,1.1932227367320096,-18.045842582761665,0.07624900009805737,4.9901090892529883e-219,long_all_sectors,32,4+6,10,2,True
long_all_sectors,104,0.5673076923076923,0.29869277424698637,0.05330357953102929,1.9813472226139226,-13.07808073214785,0.26807048673871564,2.848682180119987e-206,long_all_sectors,33,4+7,10,2,True
long_all_sectors,105,0.5047619047619047,0.27653220167587805,0.042501144080819286,1.7400336194464732,-10.580664313088947,0.23215738508404182,1.432116648915787e-203,long_all_sectors,34,4+8,10,2,True
long_all_sectors,104,0.5576923076923077,0.5866915930471726,0.5733943337206642,2.8417340067290455,-17.641249629822806,0.4365390902991629,6.513520290318241e-173,long_all_sectors,35,4+9,10,2,True
long_all_sectors,106,0.4339622641509434,-0.1730189727142433,-0.3902625208608119,0.7195168519747296,-22.826357796441112,-0.1453756363223004,3.4331970659788874e-232,long_all_sectors,36,5+6,10,2,False
long_all_sectors,105,0.5333333333333333,0.029994370070677318,0.05161883351466678,1.0663181191709377,-22.36468116706527,0.02591235033818432,1.425286728213388e-222,long_all_sectors,37,5+7,10,2,True
long_all_sectors,106,0.4716981132075472,0.010577750110393778,-0.012875157972854549,1.0203599931806981,-22.20881120175802,0.008626789647701048,1.7266649832035208e-225,long_all_sectors,38,5+8,10,2,True
long_all_sectors,105,0.5238095238095238,0.31525034297752846,0.10970284456409779,1.6760257691903528,-26.927850064740227,0.21992693715689862,2.9658587586327273e-204,long_all_sectors,39,5+9,10,2,True
long_all_sectors,105,0.6285714285714286,0.19917183982428968,0.20374008844569322,1.4808993747723442,-20.54325900182056,0.1633439779444919,5.716857195036341e-211,long_all_sectors,40,6+7,10,2,True
long_all_sectors,106,0.5660377358490566,0.17815920599840604,0.20370433973843166,1.3697931164131534,-18.045842582761654,0.13845371518863467,7.367429316568871e-213,long_all_sectors,41,6+8,10,2,True
long_all_sectors,105,0.6190476190476191,0.4844278127311408,0.340972976374321,2.1312749689532704,-25.106427899495515,0.33395380282246134,5.187080799337767e-183,long_all_sectors,42,6+9,10,2,True
long_all_sectors,105,0.6666666666666666,0.38451710286630425,0.43058318563216524,2.2171577006218666,-9.687671047208251,0.32098950966873685,6.1263552593321e-191,long_all_sectors,43,7+8,10,2,True
long_all_sectors,104,0.7211538461538461,0.6957148105951989,0.5016503052858219,3.6733862804938533,-8.296893722269541,0.5252863785901386,1.9434269596680825e-155,long_all_sectors,44,7+9,10,2,True
long_all_sectors,105,0.6571428571428571,0.6697730757731555,0.9521191068728833,3.029844989294637,-9.687671047208273,0.480172049823129,1.7733213503111675e-154,long_all_sectors,45,8+9,10,2,True
banking_it_long_control,19,0.3157894736842105,-0.3827251522285575,-0.7434951510223433,0.4426993566385748,-12.15359965324913,-0.36207352393996267,1.468198779144407e-32,banking_it_long_control,1,0+1,10,2,False
banking_it_long_control,19,0.2631578947368421,-0.30780023717844723,-0.7436850852146653,0.5874011842726476,-8.624581393643853,-0.24484993400977142,7.884481340245748e-36,banking_it_long_control,2,0+2,10,2,False
banking_it_long_control,19,0.42105263157894735,0.23803651617906127,-0.7433342868097791,1.4804884230679218,-8.624581393643853,0.17489211286840095,2.6646755514984684e-38,banking_it_long_control,3,0+3,10,2,False
banking_it_long_control,19,0.2631578947368421,-0.4108792942229939,-0.7433342868097791,0.29929434302406416,-9.059933814553007,-0.5085295635472071,1.3304397725024066e-30,banking_it_long_control,4,0+4,10,2,False
banking_it_long_control,20,0.3,-0.30899707749751926,-0.5114449800114764,0.4104566010647516,-8.91657741118358,-0.30543191850664436,1.976603444739513e-25,banking_it_long_control,5,0+5,10,2,False
banking_it_long_control,19,0.47368421052631576,-0.4486989976547071,-0.7433342868097791,0.08994900827004386,-8.624581393643853,-0.7950857356440426,1.227087556963045e-63,banking_it_long_control,6,0+6,10,2,False
banking_it_long_control,19,0.21052631578947367,-0.4658824306508922,-0.7433342868097791,0.3178232682806245,-9.216071908937435,-0.5387752330150372,6.730950130078557e-32,banking_it_long_control,7,0+7,10,2,False
banking_it_long_control,19,0.15789473684210525,-0.5727645387568261,-1.1849207282671423,0.34584261658756893,-11.150054426210625,-0.5017999839342412,9.347171869921252e-25,banking_it_long_control,8,0+8,10,2,False
banking_it_long_control,19,0.15789473684210525,-0.7204538956492005,-1.1844478684555446,0.17498487020436487,-14.548840319787294,-0.8715228012718881,7.625275064928874e-18,banking_it_long_control,9,0+9,10,2,False
banking_it_long_control,18,0.6111111111111112,0.31199160900967604,0.4517999965180851,1.6617428246893542,-3.4466954722385887,0.22490002171151757,1.3855036737979434e-33,banking_it_long_control,10,1+2,10,2,False
banking_it_long_control,18,0.7777777777777778,0.8881526264426018,1.3924397098711543,5.291648339925497,-2.3020949717377954,0.740665901756068,5.314321391456214e-14,banking_it_long_control,11,1+3,10,2,False
banking_it_long_control,18,0.6111111111111112,0.203185937684877,0.15158485630000043,1.6706311788884753,-2.3020949717377954,0.19510327628317936,5.438686156378347e-35,banking_it_long_control,12,1+4,10,2,False
banking_it_long_control,19,0.631578947368421,0.2781111536112781,0.15127976463376636,2.102011000633635,-2.3020949717377954,0.2403084987356525,2.0033865488553404e-44,banking_it_long_control,13,1+5,10,2,False
banking_it_long_control,18,0.8333333333333334,0.16326513961806863,0.05256443864994929,1.7985148196613423,-2.3020949717377954,0.18457957872164613,4.835665643491416e-36,banking_it_long_control,14,1+6,10,2,False
banking_it_long_control,18,0.5555555555555556,0.1451270714554287,0.15158485630000043,1.3584294499451053,-3.016360597202084,0.1292711553141865,6.907377122989842e-36,banking_it_long_control,15,1+7,10,2,False
banking_it_long_control,18,0.5,0.03230706845472058,-0.5168204818166879,1.0531156235264183,-2.5254730325667736,0.022882320294979115,2.719673855389178e-38,banking_it_long_control,16,1+8,10,2,False
banking_it_long_control,18,0.5,-0.12358725270945231,-0.5661112381662251,0.7959923671840659,-5.924258926143441,-0.09972263482302732,1.1665086951313044e-38,banking_it_long_control,17,1+9,10,2,False
banking_it_long_control,18,0.7222222222222222,0.9672400367732737,1.4227826320428463,4.589061555553604,-3.446695472238588,0.7386069133505665,2.8117362411098847e-13,banking_it_long_control,18,2+3,10,2,False
banking_it_long_control,18,0.5555555555555556,0.282273348015549,0.18814812543376186,1.7722414200540033,-3.8820478931477442,0.23231824091587427,3.503194584745813e-34,banking_it_long_control,19,2+4,10,2,False
banking_it_long_control,19,0.5789473684210527,0.3530360686613883,0.049573034219898275,2.1328964317063352,-3.7386914897783132,0.2709414560427496,6.868819010576712e-41,banking_it_long_control,20,2+5,10,2,False
banking_it_long_control,18,0.7777777777777778,0.24235254994874053,0.05215581633290128,1.9076583035544228,-3.446695472238588,0.22302869840178152,1.3124769469855578e-35,banking_it_long_control,21,2+6,10,2,False
banking_it_long_control,18,0.5,0.22421448178610065,0.239163113238185,1.4796598591134458,-4.038185987532169,0.17392969438635975,4.415883638707742e-35,banking_it_long_control,22,2+7,10,2,False
banking_it_long_control,18,0.4444444444444444,0.11139447878539253,-1.1853333960737782,1.166065108649722,-5.972168504805362,0.07169981113483705,9.707839000479873e-38,banking_it_long_control,23,2+8,10,2,False
banking_it_long_control,18,0.4444444444444444,-0.044499842378780366,-1.1845636613896526,0.9334178343838297,-9.370954398382029,-0.03160598758900327,1.5022293261033702e-38,banking_it_long_control,24,2+9,10,2,False
banking_it_long_control,18,0.7222222222222222,0.8584343654484746,1.1410344030782429,9.498993588723076,-1.349616109769599,0.8474838023183081,4.386305260031835e-15,banking_it_long_control,25,3+4,10,2,False
banking_it_long_control,19,0.7368421052631579,0.8988728220188968,0.27477877194855876,15.72978391718076,-1.114674000156377,0.8176764671777721,2.0036347477664586e-30,banking_it_long_control,26,3+5,10,2,False
banking_it_long_control,18,0.9444444444444444,0.8185135673816663,0.25180910049881916,329.9756683557071,-0.04478520945488107,0.9272508705298743,1.2448838511739833e-28,banking_it_long_control,27,3+6,10,2,False
banking_it_long_control,18,0.6666666666666666,0.8003754992190264,1.2349144315304548,4.944208433608608,-3.016360597202084,0.706788314847216,1.2189157699950553e-15,banking_it_long_control,28,3+7,10,2,False
banking_it_long_control,18,0.6111111111111112,0.6875554962183182,1.3924397098711543,2.692371510685102,-2.570258242021655,0.4665335773045851,1.8598161924148486e-23,banking_it_long_control,29,3+8,10,2,False
banking_it_long_control,18,0.6111111111111112,0.5316611750541453,1.3271492578911357,2.316565695052565,-5.969044135598321,0.3826234824343744,8.184200248031593e-27,banking_it_long_control,30,3+9,10,2,False
banking_it_long_control,19,0.5789473684210527,0.24995701161684183,0.049573034219898275,2.6444739177560965,-1.349616109769599,0.26143240197208606,4.155132122250734e-58,banking_it_long_control,31,4+5,10,2,False
banking_it_long_control,18,0.7777777777777778,0.13354687862394143,0.05215581633290128,2.355583336677112,-1.349616109769599,0.23430442900523066,4.088174488445052e-36,banking_it_long_control,32,4+6,10,2,False
banking_it_long_control,18,0.5,0.11540881046130158,0.0324865204377388,1.3860441744143708,-3.016360597202084,0.12889410670358947,1.6211319003219034e-35,banking_it_long_control,33,4+7,10,2,False
banking_it_long_control,18,0.4444444444444444,0.002588807460593435,-0.04504215825638836,1.0051539523480781,-2.5254730325667736,0.0020945392852604397,2.0522174031859842e-38,banking_it_long_control,34,4+8,10,2,False
banking_it_long_control,18,0.4444444444444444,-0.15330551370357948,-0.04504215825638836,0.6932984150503071,-5.924258926143441,-0.14888093869356858,4.731805196904185e-39,banking_it_long_control,35,4+9,10,2,False
banking_it_long_control,19,0.7894736842105263,0.21213730818512855,0.05161883351466678,4.615953054392575,-1.1146740001563775,0.2667272641463966,1.2654265703052327e-114,banking_it_long_control,36,5+6,10,2,False
banking_it_long_control,19,0.5263157894736842,0.19495387518894333,0.04233667083712233,1.7843523412223397,-3.016360597202084,0.18709565681652582,1.0784283418838914e-46,banking_it_long_control,37,5+7,10,2,False
banking_it_long_control,19,0.47368421052631576,0.08807176708300941,-0.27811567642962687,1.1996209952161396,-2.5254730325667736,0.0658279352071114,8.567344075047875e-42,banking_it_long_control,38,5+8,10,2,False
banking_it_long_control,19,0.47368421052631576,-0.059617589809364956,-0.27811567642962687,0.8641597931945701,-5.924258926143441,-0.05081305563277937,6.662827017786763e-39,banking_it_long_control,39,5+9,10,2,False
banking_it_long_control,18,0.7222222222222222,0.07548801239449314,0.05170849610716459,1.376618707572154,-3.016360597202084,0.1076106248110487,3.326116630196815e-35,banking_it_long_control,40,6+7,10,2,False
banking_it_long_control,18,0.6666666666666666,-0.03733199060621501,0.047919146252048656,0.9075435990216546,-2.5254730325667736,-0.03395924339180312,3.142687961744354e-38,banking_it_long_control,41,6+8,10,2,False
banking_it_long_control,18,0.6666666666666666,-0.19322631177038788,0.047919146252048656,0.5185425274686727,-5.924258926143441,-0.22646538557274754,2.3651045883843338e-40,banking_it_long_control,42,6+9,10,2,False
banking_it_long_control,18,0.3888888888888889,-0.05547005876885493,-0.44925241078522304,0.9081949212073993,-5.541833629768857,-0.042811783788586556,1.6836040800168081e-38,banking_it_long_control,43,7+8,10,2,False
banking_it_long_control,18,0.3888888888888889,-0.21136437993302779,-0.44925241078522304,0.6487635691354526,-8.940619523345525,-0.1935723341657848,2.3424579149028625e-39,banking_it_long_control,44,7+9,10,2,False
banking_it_long_control,18,0.3333333333333333,-0.3241843829337359,-1.1848685421336933,0.5973443051082483,-8.119904184703282,-0.23898205646753376,3.3096979453019275e-35,banking_it_long_control,45,8+9,10,2,False
short_all_sectors_control,9,0.3333333333333333,-0.6163986584360309,-1.5395059397532769,0.4154122252925605,-8.57941329606111,-0.4218839838609901,1.018155817723365e-17,short_all_sectors_control,1,0+1,10,2,False
short_all_sectors_control,10,0.4,-0.2563488523684742,-0.12211290516207782,0.6142999876060463,-5.595313893821573,-0.19774730798411727,6.015193147718542e-23,short_all_sectors_control,2,0+2,10,2,False
short_all_sectors_control,9,0.5555555555555556,-0.02056423710102521,0.08482262910908665,0.9692156504604823,-3.9442448961866097,-0.013739470909283787,2.972583577135166e-19,short_all_sectors_control,3,0+3,10,2,False
short_all_sectors_control,9,0.4444444444444444,-0.27215991929098987,-1.1572684630521308,0.6483017125853571,-6.0542739099245635,-0.19785626315439342,3.8119499773283345e-20,short_all_sectors_control,4,0+4,10,2,False
short_all_sectors_control,10,0.4,-0.3136522516351386,-1.2498574272047245,0.6359862687543183,-6.441873730074286,-0.21349870730137827,6.254535297993593e-22,short_all_sectors_control,5,0+5,10,2,False
short_all_sectors_control,9,0.5555555555555556,0.406130548800316,0.9103300169950057,1.6134367841630175,-5.048189317951659,0.21290940810388614,4.573944900955151e-17,short_all_sectors_control,6,0+6,10,2,False
short_all_sectors_control,10,0.4,-0.36470034974364574,-0.8861062202487691,0.5353207749384142,-6.678828867573289,-0.278848466125584,7.293813380018804e-22,short_all_sectors_control,7,0+7,10,2,False
short_all_sectors_control,9,0.3333333333333333,-0.5432341261731328,-1.3246519394441278,0.44638638892268406,-7.920932505695027,-0.38440716659126384,5.895850120856587e-18,short_all_sectors_control,8,0+8,10,2,False
short_all_sectors_control,9,0.5555555555555556,-0.12944172461238795,0.5002107747943988,0.8094621248686601,-5.203811440226877,-0.093606365464444,2.856575478725686e-20,short_all_sectors_control,9,0+9,10,2,False
short_all_sectors_control,9,0.1111111111111111,-1.0144134678822756,-1.4333179774631768,0.015175539751891906,-7.696403233477304,-1.3703495812666535,1.7155613577777127e-16,short_all_sectors_control,10,1+2,10,2,False
short_all_sectors_control,8,0.25,-0.8439138526456207,-1.4275299420893424,0.2182510716837079,-6.04533423584234,-0.7028698280968001,3.203481441257051e-09,short_all_sectors_control,11,1+3,10,2,False
short_all_sectors_control,8,0.125,-1.126958995109331,-1.3104933868668214,0.05975892331812372,-8.155363249580294,-1.5922301762967161,5.640286402148476e-05,short_all_sectors_control,12,1+4,10,2,False
short_all_sectors_control,9,0.1111111111111111,-1.0780839115119027,-1.3422671842756875,0.13680950627693914,-8.542963069730018,-1.0910300377957793,5.277203661587226e-06,short_all_sectors_control,13,1+5,10,2,False
short_all_sectors_control,8,0.25,-0.3638822185066118,-1.3481041091014785,0.6608185294229478,-7.149278657607389,-0.1839293974939964,4.464047218322785e-15,short_all_sectors_control,14,1+6,10,2,False
short_all_sectors_control,9,0.1111111111111111,-1.1348040205213552,-1.3220048456760227,0.024757536420500336,-8.77991820722902,-1.8536160693661776,1.1253032750931774e-06,short_all_sectors_control,15,1+7,10,2,False
short_all_sectors_control,8,0.0,-1.4319174778517418,-1.430422614917469,0.0,-10.022021845350757,-12.44084955867803,1.5036347662532819e-05,short_all_sectors_control,16,1+8,10,2,False
short_all_sectors_control,8,0.25,-0.9664010260959038,-1.4481527072185836,0.11524208497664469,-7.304900779882607,-1.0579867727776995,7.937141754052982e-11,short_all_sectors_control,17,1+9,10,2,False
short_all_sectors_control,9,0.3333333333333333,-0.41857904654727,-0.12329710201707357,0.34966748681492826,-2.9507608251312583,-0.3841852778760778,9.133961315189794e-17,short_all_sectors_control,18,2+3,10,2,False
short_all_sectors_control,9,0.2222222222222222,-0.6701747287372347,-1.1572684630521308,0.10580646374209275,-5.060789838869213,-0.8554951950540304,2.389179012910425e-21,short_all_sectors_control,19,2+4,10,2,False
short_all_sectors_control,10,0.2,-0.6718655801367588,-1.2498574272047245,0.1998891622730092,-5.448389659018935,-0.6702947223553549,1.536974010992318e-14,short_all_sectors_control,20,2+5,10,2,False
short_all_sectors_control,9,0.3333333333333333,0.008115739354071196,-0.12329710201707357,1.0127268435933792,-4.054705246896307,0.004711092876544495,3.8668526811682163e-19,short_all_sectors_control,21,2+6,10,2,False
short_all_sectors_control,10,0.2,-0.722913678245266,-0.8861062202487691,0.05242522236264763,-5.685344796517937,-1.006053206109595,3.251632434154169e-30,short_all_sectors_control,22,2+7,10,2,False
short_all_sectors_control,9,0.1111111111111111,-0.9412489356193776,-1.3246519394441278,0.01633588459767649,-6.927448434639676,-1.3644693394202885,9.268687166131519e-17,short_all_sectors_control,23,2+8,10,2,False
short_all_sectors_control,9,0.3333333333333333,-0.5274565340586327,-0.12329710201707357,0.19469590266174158,-4.210327369171526,-0.6044034083880198,6.721303067199809e-28,short_all_sectors_control,24,2+9,10,2,False
short_all_sectors_control,8,0.375,-0.4566452711074495,-1.1573894017518958,0.4022012241393645,-4.689281260905123,-0.39349636692151596,8.179737472387314e-14,short_all_sectors_control,25,3+4,10,2,False
short_all_sectors_control,9,0.3333333333333333,-0.48224949017689706,-1.235423543399542,0.4408999965033712,-5.076881081054845,-0.3697764411337906,4.387635253658149e-16,short_all_sectors_control,26,3+5,10,2,False
short_all_sectors_control,8,0.5,0.30643150549526965,-0.5363438556712871,1.4802118590919797,-3.6831966689322178,0.16171489767876224,9.572634467872283e-17,short_all_sectors_control,27,3+6,10,2,False
short_all_sectors_control,9,0.3333333333333333,-0.5389695991863495,-1.1575103404516607,0.3065290553471726,-5.313836218553848,-0.4971569958183404,8.233811204970054e-14,short_all_sectors_control,28,3+7,10,2,False
short_all_sectors_control,8,0.25,-0.7616037538498603,-1.2718144412882204,0.23626559550690984,-6.555939856675586,-0.661328663484498,2.814444913558577e-09,short_all_sectors_control,29,3+8,10,2,False
short_all_sectors_control,8,0.5,-0.2960873020940224,-0.5363438556712871,0.5497251048376982,-3.8388187912074363,-0.24724480577706417,9.443426271291815e-17,short_all_sectors_control,30,3+9,10,2,False
short_all_sectors_control,9,0.2222222222222222,-0.7338451723668616,-1.187668796270466,0.24219409724452184,-5.720863931835693,-0.7024390139357856,4.6554115877600225e-11,short_all_sectors_control,31,4+5,10,2,False
short_all_sectors_control,8,0.375,0.023386363031559443,-1.1720510620914981,1.0308860461682001,-4.327179519713066,0.012693901714122815,4.9642876578566654e-17,short_all_sectors_control,32,4+6,10,2,False
short_all_sectors_control,9,0.2222222222222222,-0.790565281376314,-1.1868336611308654,0.10472430144327471,-5.957819069334695,-1.082109054371588,3.2507035806900974e-12,short_all_sectors_control,33,4+7,10,2,False
short_all_sectors_control,8,0.125,-1.0446488963135705,-1.2033228697013896,0.06416533091635955,-7.199922707456435,-1.576926597725626,8.98237876126808e-05,short_all_sectors_control,34,4+8,10,2,False
short_all_sectors_control,8,0.375,-0.5791324445577326,-1.1720510620914981,0.2543054289744026,-4.482801641988283,-0.628935723338262,7.39807723025196e-18,short_all_sectors_control,35,4+9,10,2,False
short_all_sectors_control,9,0.3333333333333333,-0.05555470427555578,-1.2627960877407771,0.9351446693249671,-4.9361076820981316,-0.02951630991840247,6.318298946002214e-19,short_all_sectors_control,36,5+6,10,2,False
short_all_sectors_control,10,0.2,-0.7802170775119304,-1.2612152884508723,0.18721134964757033,-6.566747231719761,-0.8070183973753084,8.760239854512023e-11,short_all_sectors_control,37,5+7,10,2,False
short_all_sectors_control,9,0.1111111111111111,-1.0049193792490045,-1.3246519394441278,0.14532260893205498,-7.808850869841501,-1.0506918848521098,4.586401950357849e-06,short_all_sectors_control,38,5+8,10,2,False
short_all_sectors_control,9,0.3333333333333333,-0.5911269776882597,-1.235423543399542,0.32356481215130395,-5.091729804373349,-0.5266651292450404,1.317443006130324e-15,short_all_sectors_control,39,5+9,10,2,False
short_all_sectors_control,9,0.3333333333333333,-0.11227481328500816,-1.2581392658918376,0.8544256271361909,-4.415599419048732,-0.0640634768677795,2.0491246046691785e-18,short_all_sectors_control,40,6+7,10,2,False
short_all_sectors_control,8,0.25,-0.28157211971085144,-1.2628431642402786,0.7157314453962508,-5.398429516223926,-0.14621819610198325,2.117265917491898e-15,short_all_sectors_control,41,6+8,10,2,False
short_all_sectors_control,8,0.5,0.18394433204498656,-0.3590551194936931,1.2826111257549049,-2.6813084507557754,0.10117501743836584,3.8949086857684806e-17,short_all_sectors_control,42,6+9,10,2,False
short_all_sectors_control,9,0.1111111111111111,-1.061639488258457,-1.3213821328751718,0.02641866481712608,-9.81402893527266,-1.8694424479122036,2.8206205489420516e-06,short_all_sectors_control,43,7+8,10,2,False
short_all_sectors_control,9,0.3333333333333333,-0.6478470866977122,-1.218321013781785,0.17842757899011302,-7.096907869804508,-0.7633295780495616,5.510125734614242e-20,short_all_sectors_control,44,7+9,10,2,False
short_all_sectors_control,8,0.25,-0.8840909273001435,-1.2718144412882204,0.12463406024972683,-6.755086027535573,-1.026317987517762,6.933840730637628e-11,short_all_sectors_control,45,8+9,10,2,False
