scenario,description,q_cohort,q_fraction,trades,win_rate,mean_r,median_r,profit_factor,max_drawdown_r,trade_sharpe,dsr,mean_r_cost_1_25x,mean_r_cost_1_50x,first_half_n,second_half_n,first_half_mean_r,second_half_mean_r,temporal_gap_r,long_n,short_n,sectors_with_30_trades,top_sector,top_sector_trades,morning_trades,midday_trades,afternoon_trades,target_exit_rate,stop_exit_rate,time_exit_rate,focused_survives,strict_ready
long_ex_banking_it,"Long-only, exclude BANKING and IT",all,1.0,440,0.5704545454545454,0.360296020155986,0.45413314095076984,1.8898890867289215,-33.20025323724864,0.27531300354637805,0.0,0.272644565772039,0.18499311138809202,223,217,0.3802497998299926,0.3397905230716383,0.04045927675835426,440,0,3,PHARMA,208,167,21,252,0.27954545454545454,0.23636363636363636,0.48409090909090907,True,True
long_auto_pharma_fmcg,Long-only AUTO + PHARMA + FMCG,all,1.0,440,0.5704545454545454,0.360296020155986,0.45413314095076984,1.8898890867289215,-33.20025323724864,0.27531300354637805,0.0,0.272644565772039,0.18499311138809202,223,217,0.3802497998299926,0.3397905230716383,0.04045927675835426,440,0,3,PHARMA,208,167,21,252,0.27954545454545454,0.23636363636363636,0.48409090909090907,True,True
ex_banking_it,Exclude BANKING and IT,all,1.0,456,0.5679824561403509,0.3411996639845613,0.45095769811621234,1.8313528550056315,-32.77321780434843,0.261440578062231,0.0,0.251749537957035,0.16229941192950867,228,228,0.3741448585208511,0.30825446944827156,0.06589038907257955,440,16,3,PHARMA,214,167,21,268,0.2741228070175439,0.23684210526315788,0.48903508771929827,True,True
auto_pharma_fmcg,AUTO + PHARMA + FMCG,all,1.0,456,0.5679824561403509,0.3411996639845613,0.45095769811621234,1.8313528550056315,-32.77321780434843,0.261440578062231,0.0,0.251749537957035,0.16229941192950867,228,228,0.3741448585208511,0.30825446944827156,0.06589038907257955,440,16,3,PHARMA,214,167,21,268,0.2741228070175439,0.23684210526315788,0.48903508771929827,True,True
long_only,Only pool-side UP/long trades,all,1.0,541,0.55637707948244,0.30685957477796255,0.33931669633386646,1.7523666844460875,-32.773217804348434,0.2390809484134973,0.0,0.21832031395352772,0.1297810531290929,265,276,0.3634440334639451,0.2525302937932329,0.11091373967071222,541,0,5,PHARMA,208,209,22,310,0.27726432532347506,0.24214417744916822,0.4805914972273567,True,True
long_morning_midday_ex_banking_it,"Long-only, block afternoon, exclude BANKING and IT",all,1.0,188,0.6808510638297872,0.7622260731116388,1.0683382385977451,3.465336209464969,-15.135102350170754,0.5625507081763047,4.7953686693385365e-228,0.6882308068608409,0.6142355406100429,58,130,1.0971003181481656,0.6128206407107268,0.4842796774374387,188,0,2,PHARMA,96,167,21,0,0.44680851063829785,0.2127659574468085,0.3404255319148936,True,False
long_morning_ex_banking_it,"Long-only morning, exclude BANKING and IT",all,1.0,167,0.6526946107784432,0.6904044576928122,0.9200828871265618,3.0940119282979537,-15.135102350170754,0.5047973117538768,8.90610393503629e-229,0.6182972376075372,0.546190017522262,58,109,1.0971003181481656,0.47399748607436726,0.6231028320737984,167,0,2,PHARMA,78,167,0,0,0.40119760479041916,0.23353293413173654,0.3652694610778443,True,False
long_morning_midday,"Long-only, block afternoon",all,1.0,231,0.6233766233766234,0.6396905316219997,0.9558432809058031,2.7906402350905037,-15.135102350170754,0.46221621764667936,0.0,0.567692287417472,0.4956940432129444,77,154,0.904670256088778,0.5072006693886104,0.39746958670016763,231,0,2,PHARMA,96,209,22,0,0.42424242424242425,0.23809523809523808,0.33766233766233766,True,False
long_morning,Long-only morning,all,1.0,209,0.5933014354066986,0.5568396892411842,0.6566100307498264,2.4646671205466095,-15.502626618270597,0.4033850073039617,0.0,0.4864504773297725,0.4160612654183609,77,132,0.904670256088778,0.3539385252467545,0.5507317308420235,209,0,2,PHARMA,78,209,0,0,0.3827751196172249,0.2583732057416268,0.3588516746411483,True,False
morning_midday,Block afternoon; keep morning plus midday,all,1.0,246,0.5934959349593496,0.5405271850464268,0.6635485057276108,2.3395794430458148,-15.97275556236007,0.38291559337703546,0.0,0.46771899815592666,0.3949108112654262,77,169,0.904670256088778,0.3746158449857109,0.5300544111030672,231,15,3,PHARMA,96,218,28,0,0.4024390243902439,0.2764227642276423,0.32113821138211385,True,False
morning_only,Entries in morning window only,all,1.0,218,0.573394495412844,0.49577561445657725,0.6544548117736821,2.2067997646604263,-15.972755562360067,0.3548226552462271,0.0,0.42497005769189916,0.35416450092722085,77,141,0.904670256088778,0.2724785406574324,0.6321917154313457,209,9,3,PHARMA,78,218,0,0,0.37155963302752293,0.28440366972477066,0.3440366972477064,True,False
all,Baseline best marginal cell,top_25pct,0.25,150,0.6,0.44659736261226035,0.5161005309799869,2.105155329067461,-17.509343344058735,0.3230542403707453,1.7318370996831162e-264,0.3485220977175264,0.25044683282279256,75,75,0.6877108359766093,0.20548388924791117,0.48222694672869815,133,17,3,PHARMA,57,54,10,86,0.32666666666666666,0.22666666666666666,0.44666666666666666,True,False
long_ex_banking_it,"Long-only, exclude BANKING and IT",top_50pct,0.5,220,0.5954545454545455,0.4243104907145494,0.5055277285423967,2.0305521005068266,-18.825139038972118,0.30970090184911775,0.0,0.33730223190447295,0.25029397309439644,97,123,0.36994513347968677,0.46718398381846543,0.09723885033877866,220,0,2,PHARMA,133,92,14,114,0.31363636363636366,0.2590909090909091,0.42727272727272725,True,False
long_auto_pharma_fmcg,Long-only AUTO + PHARMA + FMCG,top_50pct,0.5,220,0.5954545454545455,0.4243104907145494,0.5055277285423967,2.0305521005068266,-18.825139038972118,0.30970090184911775,0.0,0.33730223190447295,0.25029397309439644,97,123,0.36994513347968677,0.46718398381846543,0.09723885033877866,220,0,2,PHARMA,133,92,14,114,0.31363636363636366,0.2590909090909091,0.42727272727272725,True,False
ex_banking_it,Exclude BANKING and IT,top_50pct,0.5,228,0.5833333333333334,0.3923185094863496,0.5013651342630628,1.9274332565239258,-18.825139038972118,0.2865663221583955,0.0,0.3025999480842728,0.21288138668219594,99,129,0.36343484617918775,0.41448504179184587,0.05105019561265811,217,11,2,PHARMA,136,90,14,124,0.3026315789473684,0.25877192982456143,0.43859649122807015,True,False
auto_pharma_fmcg,AUTO + PHARMA + FMCG,top_50pct,0.5,228,0.5833333333333334,0.3923185094863496,0.5013651342630628,1.9274332565239258,-18.825139038972118,0.2865663221583955,0.0,0.3025999480842728,0.21288138668219594,99,129,0.36343484617918775,0.41448504179184587,0.05105019561265811,217,11,2,PHARMA,136,90,14,124,0.3026315789473684,0.25877192982456143,0.43859649122807015,True,False
long_only,Only pool-side UP/long trades,top_50pct,0.5,271,0.5830258302583026,0.37219510699958475,0.442739113852788,1.9204176779895448,-18.825139038972118,0.2814104913296869,0.0,0.28394982170798383,0.195704536416383,120,151,0.42023666927823233,0.33401638200993095,0.08622028726830139,271,0,3,PHARMA,133,112,14,145,0.3173431734317343,0.25092250922509224,0.4317343173431734,True,False
all,Baseline best marginal cell,top_50pct,0.5,300,0.55,0.2826128876084552,0.27060213895797414,1.643703219838051,-24.354334676763813,0.21412674921359734,0.0,0.19081930507786718,0.09902572254727908,126,174,0.40756330337260993,0.19213155205510182,0.2154317513175081,272,28,3,PHARMA,137,114,17,169,0.29333333333333333,0.2633333333333333,0.44333333333333336,True,False
auto_only,AUTO sector only,top_5pct,0.05,10,0.9,1.1637259664499866,1.2264579223467749,10.374806220988601,-1.2413333556107027,1.0944120066592933,0.0005010044166037719,1.0712263305551506,0.9787266946603145,5,5,1.6047755214195907,0.722676411480383,0.8820991099392077,10,0,0,AUTO,10,7,0,3,0.3,0.1,0.6,False,False
midday_only,Entries in midday window only,top_50pct,0.5,14,0.7857142857142857,1.1040914284552006,1.483724475861973,4.663013361081131,-2.626798189913135,0.7162858335316132,1.7827777864256157e-11,1.017033543161111,0.9299756578670223,2,12,0.06254563257412471,1.2776823944353797,1.215136761861255,11,3,0,PHARMA,10,0,14,0,0.7142857142857143,0.14285714285714285,0.14285714285714285,False,False
long_morning_midday,"Long-only, block afternoon",top_5pct,0.05,12,0.75,1.0594447915343366,1.3924397098711543,7.762216547715616,-1.4871802362370086,0.9488696764056519,9.156767497716286e-08,0.9976395548065331,0.9358343180787299,11,1,0.9099061618000988,2.7043697186109523,1.7944635568108536,12,0,0,IT,9,12,0,0,0.6666666666666666,0.0,0.3333333333333333,False,False
midday_only,Entries in midday window only,top_25pct,0.25,7,0.7142857142857143,1.0519889400187403,2.397636825161651,3.4279395094065337,-1.5806479223744798,0.5347444618915667,1.5226072749548862e-08,0.9590384662114805,0.8660879924042205,1,6,-1.5806479223744796,1.49076175041761,3.0714096727920897,5,2,0,PHARMA,5,0,7,0,0.5714285714285714,0.14285714285714285,0.2857142857142857,False,False
long_morning_midday,"Long-only, block afternoon",top_25pct,0.25,58,0.7068965517241379,1.003969628071646,1.3924397098711543,4.662964504985917,-5.700339355198453,0.7260878090498568,3.710655274479999e-51,0.929207403906055,0.854445179740464,24,34,1.3248216209265258,0.7774858684093782,0.5473357525171476,58,0,0,PHARMA,29,51,7,0,0.5689655172413793,0.15517241379310345,0.27586206896551724,False,False
long_morning_midday_ex_banking_it,"Long-only, block afternoon, exclude BANKING and IT",top_25pct,0.25,47,0.7021276595744681,0.9968805728512186,1.3403240140722708,4.371888552721195,-5.925832488108807,0.6900006126807653,9.107656378616013e-45,0.9197504276791961,0.8426202825071737,15,32,1.4826008980977126,0.7691991703919245,0.713401727705788,47,0,0,PHARMA,29,40,7,0,0.5319148936170213,0.19148936170212766,0.2765957446808511,False,False
morning_only,Entries in morning window only,top_5pct,0.05,11,0.7272727272727273,0.975222346358289,1.3874236453473647,6.705921956352341,-1.4871802362370086,0.8627656117465592,1.3040025962526549e-08,0.9135120410332718,0.8518017357082548,10,1,0.8023076091330228,2.7043697186109523,1.9020621094779295,11,0,0,IT,8,11,0,0,0.6363636363636364,0.0,0.36363636363636365,False,False
long_morning,Long-only morning,top_5pct,0.05,11,0.7272727272727273,0.975222346358289,1.3874236453473647,6.705921956352341,-1.4871802362370086,0.8627656117465592,1.3040025962526549e-08,0.9135120410332718,0.8518017357082548,10,1,0.8023076091330228,2.7043697186109523,1.9020621094779295,11,0,0,IT,8,11,0,0,0.6363636363636364,0.0,0.36363636363636365,False,False
fmcg_only,FMCG sector only,top_10pct,0.1,5,0.8,0.9650524159664101,1.1478623636903995,21.32083839136906,-0.23745388782194654,1.3341042099226517,0.052101621621114945,0.8354939175819085,0.7059354191974069,3,2,1.393229244609077,0.3227871730024096,1.0704420716066674,1,4,0,FMCG,5,0,0,5,0.2,0.0,0.8,False,False
morning_midday,Block afternoon; keep morning plus midday,top_25pct,0.25,62,0.7096774193548387,0.9540402741578444,1.3734412588747569,4.38434625428758,-5.700339355198453,0.6892750743361573,2.672788740994551e-58,0.8766598385353745,0.7992794029129047,25,37,1.2980081125250817,0.7216295725583598,0.576378539966722,60,2,0,PHARMA,29,52,10,0,0.5483870967741935,0.16129032258064516,0.2903225806451613,False,False
auto_only,AUTO sector only,top_10pct,0.1,20,0.8,0.9422283748795577,1.0061912741994086,4.622435463258563,-3.733702197654315,0.7104465247430458,1.0529040728846348e-16,0.8466319789114488,0.7510355829433395,15,5,1.0154123626792826,0.722676411480383,0.2927359511988996,20,0,0,AUTO,20,8,0,12,0.3,0.2,0.5,False,False
fmcg_only,FMCG sector only,top_5pct,0.05,3,0.6666666666666666,0.9314571607716284,1.5158543330834529,12.768059508085337,-0.23745388782194654,0.9201333878462797,0.03457914101365343,0.802384415526765,0.6733116702819011,2,1,1.515912685068416,-0.2374538878219464,1.7533665728903622,0,3,0,FMCG,3,0,0,3,0.0,0.0,1.0,False,False
long_morning,Long-only morning,top_25pct,0.25,53,0.6981132075471698,0.9173476329364122,1.3594588724021488,4.365905189485011,-5.700339355198453,0.6887151754676745,7.188183185642683e-51,0.8432808576883873,0.7692140824403626,26,27,1.3320878048677591,0.5179682081136336,0.8141195967541255,53,0,0,PHARMA,22,53,0,0,0.5094339622641509,0.16981132075471697,0.32075471698113206,False,False
midday_only,Entries in midday window only,all,1.0,28,0.75,0.8889501274959705,1.294818801367567,3.5650260994983904,-5.14543683108996,0.592823531383686,1.4350796245285703e-29,0.8005500346258552,0.7121499417557396,3,25,-0.49576891626568975,1.0551164127473696,1.5508853290130593,22,6,0,PHARMA,18,0,28,0,0.6428571428571429,0.21428571428571427,0.14285714285714285,False,False
long_morning_ex_banking_it,"Long-only morning, exclude BANKING and IT",top_25pct,0.25,42,0.6904761904761905,0.8867279295590867,1.2668750365033734,3.9930660659534207,-5.925832488108805,0.6383340847557708,7.269125594721421e-45,0.8101934793298944,0.733659029100702,17,25,1.4751516173994594,0.4865998218276335,0.9885517955718259,42,0,0,PHARMA,22,42,0,0,0.4523809523809524,0.21428571428571427,0.3333333333333333,False,False
morning_only,Entries in morning window only,top_25pct,0.25,55,0.6909090909090909,0.8707666959524507,1.3403240140722708,4.055461245839803,-5.756678665694286,0.6499756766878794,4.9696020438170735e-57,0.7971647556258876,0.7235628152993243,26,29,1.3320878048677591,0.45716846037320874,0.8749193444945504,55,0,0,PHARMA,24,55,0,0,0.4909090909090909,0.18181818181818182,0.32727272727272727,False,False
auto_only,AUTO sector only,top_50pct,0.5,97,0.7835051546391752,0.8582884194879106,0.7509999339408857,4.764624950541642,-11.204166872583329,0.6814845410857467,2.8732589933431436e-97,0.7674561637721785,0.6766239080564469,62,35,0.6500575550573172,1.2271545221935332,0.5770969671362159,97,0,1,AUTO,97,40,1,56,0.3402061855670103,0.15463917525773196,0.5051546391752577,False,False
auto_only,AUTO sector only,top_25pct,0.25,49,0.7755102040816326,0.8126368838117665,0.7491619064978986,4.035475755863173,-4.985663864872592,0.6112848583509513,2.8737790257683513e-54,0.7144572128799188,0.6162775419480717,38,11,0.768118526531928,0.9664275725966618,0.19830904606473376,49,0,1,AUTO,49,20,1,28,0.2857142857142857,0.1836734693877551,0.5306122448979592,False,False
long_morning_midday_ex_banking_it,"Long-only, block afternoon, exclude BANKING and IT",top_50pct,0.5,94,0.6595744680851063,0.7995744140389518,1.1506879698960064,3.524762284749544,-12.802145135686866,0.569312799084528,1.0976908230453673e-114,0.7244465081459321,0.6493186022529122,21,73,1.2330410719122924,0.67487852615758,0.5581625457547124,94,0,1,PHARMA,64,81,13,0,0.4787234042553192,0.22340425531914893,0.2978723404255319,False,False
fmcg_only,FMCG sector only,top_25pct,0.25,12,0.75,0.7638267368369417,1.1033615690389833,4.719913621899141,-0.8817871797911716,0.7337871405959715,1.4907181668380997e-08,0.6380045600052984,0.512182383173655,9,3,1.0446815195366284,-0.07873761126211742,1.1234191307987458,7,5,0,FMCG,12,1,0,11,0.25,0.08333333333333333,0.6666666666666666,False,False
morning_midday,Block afternoon; keep morning plus midday,top_5pct,0.05,13,0.6923076923076923,0.7144216370122236,1.3594588724021488,3.6836981093031262,-2.9271447650192806,0.5659581500589437,3.451826598360852e-15,0.6434175801017378,0.5724135231912517,10,3,0.8023076091330228,0.4214683966095601,0.3808392125234627,11,2,0,IT,10,11,2,0,0.5384615384615384,0.07692307692307693,0.38461538461538464,False,False
long_morning_midday_ex_banking_it,"Long-only, block afternoon, exclude BANKING and IT",top_5pct,0.05,10,0.5,0.6996509882968546,0.41624260722062534,3.0030132946427375,-2.2438368235620274,0.4348138506709827,1.3323673586350173e-17,0.6318835440300049,0.564116099763155,2,8,0.2261311745150768,0.8180309417422991,0.5918997672272223,10,0,0,PHARMA,10,8,2,0,0.4,0.2,0.4,False,False
long_morning_midday,"Long-only, block afternoon",top_50pct,0.5,116,0.6293103448275862,0.6927038039462821,1.0735685874880498,2.9718872882828875,-13.942653229167313,0.49407301837014395,1.0808663449792778e-160,0.6204628625501066,0.5482219211539312,31,85,1.1195755831859875,0.5370211550470952,0.5825544281388922,116,0,1,PHARMA,67,102,14,0,0.46551724137931033,0.2413793103448276,0.29310344827586204,False,False
long_morning_ex_banking_it,"Long-only morning, exclude BANKING and IT",top_50pct,0.5,84,0.6190476190476191,0.6620366699534931,1.0322386114054538,2.8878539131039362,-13.942653229167316,0.4715508056209587,7.102166511484928e-123,0.5890883468753741,0.5161400237972552,21,63,1.2330410719122924,0.47170186930056,0.7613392026117324,84,0,1,PHARMA,54,84,0,0,0.4166666666666667,0.2619047619047619,0.32142857142857145,False,False
long_morning_midday,"Long-only, block afternoon",top_10pct,0.1,24,0.5416666666666666,0.6391711392086274,1.102297879232197,2.7454355197703944,-5.537813749655205,0.44109139513442464,2.421886129354041e-38,0.5721717109983552,0.5051722827880828,11,13,0.9099061618000988,0.41008765855430557,0.4998185032457932,24,0,0,PHARMA,14,20,4,0,0.5,0.125,0.375,False,False
long_only,Only pool-side UP/long trades,top_5pct,0.05,28,0.75,0.6333266811900774,0.7849642662336704,4.53307503894569,-3.389204984330525,0.616966814554259,5.176661760509422e-34,0.5424015455887867,0.45147640998749605,19,9,0.6963847085947849,0.5002041788912507,0.19618052970353417,28,0,0,IT,21,12,0,16,0.4642857142857143,0.07142857142857142,0.4642857142857143,False,False
morning_midday,Block afternoon; keep morning plus midday,top_50pct,0.5,123,0.6097560975609756,0.6271990608341237,1.0096637107774216,2.659283337356767,-13.942653229167313,0.4412235994272863,6.824228172012916e-185,0.5541061510632098,0.48101324129229617,31,92,1.1195755831859875,0.46128958047643026,0.6582860027095572,118,5,1,PHARMA,69,106,17,0,0.44715447154471544,0.2601626016260163,0.2926829268292683,False,False
banking_only,BANKING sector only,top_5pct,0.05,3,0.3333333333333333,0.5915971868510379,-0.045354512824156534,4.169813596143035,-0.5145495656720187,0.38725004440523264,6.918299635474217e-09,0.47365414535321565,0.35571110385539345,2,1,-0.27995203924808765,2.334695639049289,2.6146476782973767,3,0,0,BANKING,3,2,0,1,0.3333333333333333,0.0,0.6666666666666666,False,False
morning_midday,Block afternoon; keep morning plus midday,top_10pct,0.1,25,0.56,0.5840377095780042,0.8451368860622449,2.510148609095054,-4.837013822429888,0.39831085915221653,4.2240660336424613e-41,0.5131008439780993,0.44216397837819454,11,14,0.9099061618000988,0.32799821140350127,0.5819079503965975,23,2,0,PHARMA,13,19,6,0,0.48,0.16,0.36,False,False
auto_only,AUTO sector only,all,1.0,194,0.654639175257732,0.571780165611965,0.6566120253766098,2.879348891280644,-14.919263571708242,0.4497322189055372,1.6013163926884395e-296,0.4768919697646255,0.382003773917286,125,69,0.5511508925006781,0.6091520371903834,0.0580011446897053,193,1,1,AUTO,194,72,3,119,0.29381443298969073,0.16494845360824742,0.5412371134020618,False,False
ex_banking_it,Exclude BANKING and IT,top_25pct,0.25,114,0.6403508771929824,0.5715050975688353,0.7490002655048381,2.4721920345467874,-11.469090467705769,0.4014973884319427,4.2336035893829507e-181,0.4768708706644544,0.3822366437600734,56,58,0.7315298281888992,0.416998461108084,0.31453136708081525,109,5,2,PHARMA,58,44,8,62,0.32456140350877194,0.23684210526315788,0.43859649122807015,False,False
auto_pharma_fmcg,AUTO + PHARMA + FMCG,top_25pct,0.25,114,0.6403508771929824,0.5715050975688353,0.7490002655048381,2.4721920345467874,-11.469090467705769,0.4014973884319427,4.2336035893829507e-181,0.4768708706644544,0.3822366437600734,56,58,0.7315298281888992,0.416998461108084,0.31453136708081525,109,5,2,PHARMA,58,44,8,62,0.32456140350877194,0.23684210526315788,0.43859649122807015,False,False
long_morning,Long-only morning,top_50pct,0.5,105,0.580952380952381,0.5705158150336831,0.9200828871265618,2.463303968251276,-13.942653229167313,0.40405097914234983,3.326973110913215e-169,0.49966402614652256,0.4288122372593621,31,74,1.1195755831859875,0.3405042905374474,0.7790712926485401,105,0,1,PHARMA,57,105,0,0,0.41904761904761906,0.2761904761904762,0.3047619047619048,False,False
long_ex_banking_it,"Long-only, exclude BANKING and IT",top_25pct,0.25,110,0.6363636363636364,0.5625143252610281,0.7477639655172337,2.4187006257685297,-11.910279219103241,0.39134011198631047,4.7088971229875257e-178,0.46956018844164216,0.37660605162225624,53,57,0.743440085219597,0.39428510986095494,0.3491549753586421,110,0,2,PHARMA,58,44,8,58,0.32727272727272727,0.24545454545454545,0.42727272727272725,False,False
long_auto_pharma_fmcg,Long-only AUTO + PHARMA + FMCG,top_25pct,0.25,110,0.6363636363636364,0.5625143252610281,0.7477639655172337,2.4187006257685297,-11.910279219103241,0.39134011198631047,4.7088971229875257e-178,0.46956018844164216,0.37660605162225624,53,57,0.743440085219597,0.39428510986095494,0.3491549753586421,110,0,2,PHARMA,58,44,8,58,0.32727272727272727,0.24545454545454545,0.42727272727272725,False,False
long_only,Only pool-side UP/long trades,top_25pct,0.25,136,0.6397058823529411,0.5487830710664384,0.701649668636258,2.510285592585655,-11.469090467705769,0.40032669133768395,2.2512693293206907e-219,0.45566631771951976,0.3625495643726011,69,67,0.7568877877629568,0.3344662732745015,0.42242151448845533,136,0,2,PHARMA,58,55,8,73,0.35294117647058826,0.21323529411764705,0.4338235294117647,False,False
morning_only,Entries in morning window only,top_50pct,0.5,109,0.5688073394495413,0.5246381230302541,0.8451368860622449,2.2787479466249287,-13.942653229167313,0.3697246867776022,3.396920491830082e-183,0.4533256141943829,0.3820131053585116,32,77,1.1178309734209535,0.27811641897178185,0.8397145544491716,107,2,1,PHARMA,58,109,0,0,0.41284403669724773,0.29357798165137616,0.29357798165137616,False,False
long_only,Only pool-side UP/long trades,top_10pct,0.1,55,0.6545454545454545,0.5139381310964661,0.7517100450699357,2.6069521358036107,-5.361135780250516,0.40118221594764486,3.926820171122919e-92,0.4189880650716286,0.32403799904679126,30,25,0.6815781388097626,0.31277012184051034,0.36880801696925225,55,0,0,PHARMA,25,17,2,36,0.4,0.16363636363636364,0.43636363636363634,False,False
ex_banking_it,Exclude BANKING and IT,top_5pct,0.05,23,0.6521739130434783,0.43943000639854146,0.871655167358136,2.4007451163139457,-2.7291118984153333,0.3884833796182284,2.468683720834362e-34,0.3278146635183742,0.2161993206382071,10,13,0.5475470344130262,0.3562630617720145,0.1912839726410117,18,5,0,PHARMA,13,4,0,19,0.2608695652173913,0.13043478260869565,0.6086956521739131,False,False
auto_pharma_fmcg,AUTO + PHARMA + FMCG,top_5pct,0.05,23,0.6521739130434783,0.43943000639854146,0.871655167358136,2.4007451163139457,-2.7291118984153333,0.3884833796182284,2.468683720834362e-34,0.3278146635183742,0.2161993206382071,10,13,0.5475470344130262,0.3562630617720145,0.1912839726410117,18,5,0,PHARMA,13,4,0,19,0.2608695652173913,0.13043478260869565,0.6086956521739131,False,False
long_morning_midday_ex_banking_it,"Long-only, block afternoon, exclude BANKING and IT",top_10pct,0.1,19,0.47368421052631576,0.4155062639774054,-0.012651671620994266,1.8603740078156474,-4.819529031333903,0.2665702560760242,2.6602469685961817e-37,0.3429156331279067,0.27032500227840783,2,17,0.2261311745150768,0.4377856862670912,0.21165451175201438,19,0,0,PHARMA,19,15,4,0,0.42105263157894735,0.2631578947368421,0.3157894736842105,False,False
ex_banking_it,Exclude BANKING and IT,top_10pct,0.1,46,0.5652173913043478,0.4076119137555807,0.5968064418699817,1.912697573056209,-7.993596871507524,0.27969434463346937,7.571788997758061e-87,0.3058899068999005,0.20416790004422025,17,29,0.6241695401529516,0.2806643396605702,0.34350520049238137,41,5,1,PHARMA,34,9,4,33,0.30434782608695654,0.2391304347826087,0.45652173913043476,False,False
auto_pharma_fmcg,AUTO + PHARMA + FMCG,top_10pct,0.1,46,0.5652173913043478,0.4076119137555807,0.5968064418699817,1.912697573056209,-7.993596871507524,0.27969434463346937,7.571788997758061e-87,0.3058899068999005,0.20416790004422025,17,29,0.6241695401529516,0.2806643396605702,0.34350520049238137,41,5,1,PHARMA,34,9,4,33,0.30434782608695654,0.2391304347826087,0.45652173913043476,False,False
long_ex_banking_it,"Long-only, exclude BANKING and IT",top_5pct,0.05,22,0.6363636363636364,0.38998906393875815,0.6371055210588126,2.066873875445887,-4.220783025879061,0.3048332226280658,2.5495854897727417e-40,0.2868540286390718,0.1837189933393855,9,13,0.6062110666432868,0.24029690822023828,0.36591415842304853,22,0,0,PHARMA,16,5,0,17,0.2727272727272727,0.18181818181818182,0.5454545454545454,False,False
long_auto_pharma_fmcg,Long-only AUTO + PHARMA + FMCG,top_5pct,0.05,22,0.6363636363636364,0.38998906393875815,0.6371055210588126,2.066873875445887,-4.220783025879061,0.3048332226280658,2.5495854897727417e-40,0.2868540286390718,0.1837189933393855,9,13,0.6062110666432868,0.24029690822023828,0.36591415842304853,22,0,0,PHARMA,16,5,0,17,0.2727272727272727,0.18181818181818182,0.5454545454545454,False,False
midday_only,Entries in midday window only,top_10pct,0.1,3,0.6666666666666666,0.3807892289545123,0.1406833935922076,1.7227211516828178,-1.5806479223744796,0.18203461820284503,6.200709905449196e-06,0.27845598239101305,0.1761227358275139,1,2,-1.5806479223744796,1.3615078046190083,2.942155726993488,1,2,0,IT,2,0,3,0,0.3333333333333333,0.3333333333333333,0.3333333333333333,False,False
long_morning,Long-only morning,top_10pct,0.1,21,0.47619047619047616,0.3711557563419142,-0.012651671620994266,1.9195759369628458,-5.225055239986988,0.2854826102290722,8.290760720422469e-40,0.30824414529808875,0.24533253425426332,11,10,0.9099061618000988,-0.22146968966208877,1.1313758514621874,21,0,0,PHARMA,11,21,0,0,0.42857142857142855,0.19047619047619047,0.38095238095238093,False,False
long_morning_ex_banking_it,"Long-only morning, exclude BANKING and IT",top_10pct,0.1,17,0.47058823529411764,0.328673035803788,-0.012651671620994266,1.7234381577984137,-4.819529031333904,0.23526437561498903,1.103659046910061e-33,0.25611844421413754,0.18356385262448727,2,15,0.2261311745150768,0.3423452839756161,0.11621410946053928,17,0,0,PHARMA,17,17,0,0,0.4117647058823529,0.29411764705882354,0.29411764705882354,False,False
morning_only,Entries in morning window only,top_10pct,0.1,22,0.45454545454545453,0.29750123424905517,-0.2027631043265428,1.672997758284953,-5.225055239986988,0.22624357638965398,1.2214894800894084e-43,0.23358618440474005,0.16967113456042504,11,11,0.9099061618000988,-0.3149036933019884,1.2248098551020872,22,0,0,PHARMA,12,22,0,0,0.4090909090909091,0.22727272727272727,0.36363636363636365,False,False
long_ex_banking_it,"Long-only, exclude BANKING and IT",top_10pct,0.1,44,0.5227272727272727,0.296465813358514,0.20286600629486867,1.584052489276293,-9.574371796980053,0.19824389466192163,9.449055944991281e-90,0.20075296338450377,0.10504011341049348,16,28,0.3916006542905561,0.2421030471116328,0.14949760717892333,44,0,1,PHARMA,36,11,4,29,0.29545454545454547,0.29545454545454547,0.4090909090909091,False,False
long_auto_pharma_fmcg,Long-only AUTO + PHARMA + FMCG,top_10pct,0.1,44,0.5227272727272727,0.296465813358514,0.20286600629486867,1.584052489276293,-9.574371796980053,0.19824389466192163,9.449055944991281e-90,0.20075296338450377,0.10504011341049348,16,28,0.3916006542905561,0.2421030471116328,0.14949760717892333,44,0,1,PHARMA,36,11,4,29,0.29545454545454547,0.29545454545454547,0.4090909090909091,False,False
pharma_only,PHARMA sector only,top_10pct,0.1,22,0.5,0.2892645839507088,-0.09540555773676203,1.5506440378435296,-6.059093640788003,0.18257201795288375,1.298306615366656e-46,0.19869828378286963,0.10813198361503039,5,17,0.19061320858309933,0.3182796943529469,0.12766648576984757,21,1,0,PHARMA,22,7,2,13,0.3181818181818182,0.2727272727272727,0.4090909090909091,False,False
all,Baseline best marginal cell,all,1.0,600,0.5283333333333333,0.2215718781502211,0.11387893628447877,1.4926615187617664,-37.48349593805919,0.1711602708997197,0.0,0.13063779169874115,0.03970370524726116,271,329,0.35449335498726103,0.11208336683460456,0.24240998815265646,541,59,5,PHARMA,214,218,28,354,0.25833333333333336,0.2683333333333333,0.47333333333333333,False,False
fmcg_only,FMCG sector only,all,1.0,48,0.5625,0.21992225906146745,0.5483859943124572,1.3971418803422808,-20.174988109983364,0.15430308916394606,3.6752782871655183e-94,0.12284675822791193,0.025771257394356466,43,5,0.2258269857513217,0.1691416095287215,0.0566853762226002,39,9,1,FMCG,48,17,0,31,0.1875,0.375,0.4375,False,False
pharma_only,PHARMA sector only,top_50pct,0.5,107,0.4766355140186916,0.20838195896958672,-0.014117091070113727,1.412251125402064,-19.083388733254466,0.15010998036565787,2.1450183254433894e-223,0.1253571313695659,0.042332303769545096,25,82,0.13766232976008339,0.22994282153345966,0.09228049177337627,106,1,1,PHARMA,107,45,11,51,0.32710280373831774,0.2897196261682243,0.38317757009345793,False,False
fmcg_only,FMCG sector only,top_50pct,0.5,24,0.5416666666666666,0.19987467063143624,0.8966791254108857,1.3779462256109762,-8.068102549031636,0.1490137623433186,2.0836394924597145e-46,0.0863425370070336,-0.027189596617368982,20,4,0.27369878643388507,-0.16924590838080766,0.44294469481469273,16,8,0,FMCG,24,4,0,20,0.25,0.3333333333333333,0.4166666666666667,False,False
pharma_only,PHARMA sector only,top_25pct,0.25,54,0.46296296296296297,0.19748345549013682,-0.46810072333526886,1.343955628172873,-11.638244290120287,0.12924923974801966,1.8337619700658323e-114,0.1096405084542247,0.02179756141831257,11,43,0.13946771105232142,0.21232469243934535,0.07285698138702393,53,1,1,PHARMA,54,22,5,27,0.3333333333333333,0.3333333333333333,0.3333333333333333,False,False
all,Baseline best marginal cell,top_10pct,0.1,60,0.5666666666666667,0.19694363394240147,0.17697668476240086,1.4710372572543746,-13.764866165472204,0.16348710158331595,1.2865357118870207e-119,0.09107638554972992,-0.014790862842941666,27,33,0.7630266768404639,-0.2662152193378313,1.0292418961782952,45,15,1,IT,31,16,2,42,0.3,0.2,0.5,False,False
pharma_only,PHARMA sector only,all,1.0,214,0.49065420560747663,0.15937115052938464,-0.010800548175046103,1.335864007692379,-32.773217804348434,0.12442842580915726,0.0,0.0765612279398637,-0.006248694649657251,60,154,0.11167676321437435,0.17795337935341468,0.06627661613904033,208,6,1,PHARMA,214,78,18,118,0.2757009345794392,0.27102803738317754,0.4532710280373832,False,False
pharma_only,PHARMA sector only,top_5pct,0.05,11,0.45454545454545453,0.10619203727797372,-0.3928745370320913,1.2048039158147468,-2.729111898415333,0.07782875160274796,1.0508316658055002e-23,0.011286180860191014,-0.08361967555759157,3,8,-0.2616134174063405,0.24411908278459155,0.5057325001909321,10,1,0,PHARMA,11,4,0,7,0.2727272727272727,0.18181818181818182,0.5454545454545454,False,False
long_morning_ex_banking_it,"Long-only morning, exclude BANKING and IT",top_5pct,0.05,9,0.3333333333333333,0.06583345770907309,-0.3928745370320913,1.1278643835321578,-3.3846691386866157,0.04713746667144032,1.2473081066310055e-19,0.0046680245146570876,-0.05649740867975909,2,7,0.2261311745150768,0.02003411005021489,0.20609706446486192,9,0,0,PHARMA,9,9,0,0,0.2222222222222222,0.3333333333333333,0.4444444444444444,False,False
afternoon_only,Entries in afternoon window only,top_25pct,0.25,89,0.5056179775280899,0.04514323958938056,0.04233667083712233,1.0897316318212222,-13.56604897244202,0.03607471065928647,1.2320219507210613e-191,-0.06852093481286667,-0.1821851092151139,50,39,0.3244168845483418,-0.31289989497339027,0.637316779521732,73,16,0,PHARMA,28,0,0,89,0.16853932584269662,0.2696629213483146,0.5617977528089888,False,False
afternoon_only,Entries in afternoon window only,top_50pct,0.5,177,0.4971751412429379,0.0043488614780709456,-0.045354512824156534,1.0088311474799831,-22.08083909558252,0.0036685896729538245,0.0,-0.10153931461822935,-0.20742749071452968,94,83,0.10400321947418716,-0.10851270058981978,0.21251592006400694,152,25,3,PHARMA,67,0,0,177,0.1638418079096045,0.2711864406779661,0.5649717514124294,False,False
all,Baseline best marginal cell,top_5pct,0.05,30,0.4666666666666667,0.0010652586457586637,-0.2270557730012662,1.0020411873917017,-13.764866165472203,0.0008764931406599783,6.491933116721033e-65,-0.10303022389982451,-0.2071257064454077,15,15,0.3760656245134104,-0.37393510722189305,0.7500007317353035,20,10,0,IT,24,10,2,18,0.3333333333333333,0.26666666666666666,0.4,False,False
afternoon_only,Entries in afternoon window only,all,1.0,354,0.4830508474576271,-7.503003188805821e-05,-0.062446257022551445,0.9998442963578862,-42.79990603802414,-6.480424927360062e-05,0.0,-0.10360508058506569,-0.20713513113824333,194,160,0.13612417259129828,-0.16521656321250147,0.3013407358037997,310,44,4,AUTO,119,0,0,354,0.15819209039548024,0.2627118644067797,0.5790960451977402,False,False
afternoon_only,Entries in afternoon window only,top_10pct,0.1,36,0.5277777777777778,-0.013653938085474437,0.046977752175894553,0.9702218515216463,-10.837721400452923,-0.012893774656231542,1.5391491044858525e-78,-0.13860387526091564,-0.26355381243635684,15,21,0.4226657968729826,-0.32531089162722937,0.7479766885002119,23,13,0,IT,20,0,0,36,0.19444444444444445,0.2222222222222222,0.5833333333333334,False,False
it_only,IT sector only,top_50pct,0.5,47,0.46808510638297873,-0.05939572572463332,-0.12329710201707357,0.8735950583255396,-16.249320906728233,-0.05498886163454187,1.2997218902815377e-102,-0.162707583199203,-0.2660194406737727,19,28,0.639134223536255,-0.5333981912945218,1.1725324148307767,31,16,1,IT,47,12,3,32,0.2553191489361702,0.23404255319148937,0.5106382978723404,False,False
banking_only,BANKING sector only,top_10pct,0.1,5,0.2,-0.1343133012711574,-0.5145495656720188,0.7766107964396107,-2.9609076325809194,-0.09147996207445247,8.446673001748336e-10,-0.2310147809778816,-0.327716260684606,2,3,-0.27995203924808765,-0.037220809286537225,0.24273122996155042,5,0,0,BANKING,5,3,0,2,0.2,0.4,0.4,False,False
it_only,IT sector only,top_10pct,0.1,10,0.3,-0.15067982882853195,-0.4652312055406064,0.6666218139378846,-3.644565935185703,-0.1739339881687283,6.730357655294902e-21,-0.24775489720820607,-0.3448299655878801,7,3,-0.06505816698528934,-0.3504637064627649,0.2854055394774756,7,3,0,IT,10,3,0,7,0.3,0.1,0.6,False,False
it_only,IT sector only,all,1.0,94,0.425531914893617,-0.15456930687210024,-0.31846343000507626,0.7070736807690217,-26.029609954880762,-0.14145226002697606,2.620505754682533e-200,-0.24829804003335593,-0.3420267731946117,36,58,0.2577154490926119,-0.41047018988468015,0.668185638977292,65,29,1,IT,94,31,6,57,0.2127659574468085,0.2978723404255319,0.48936170212765956,False,False
it_only,IT sector only,top_25pct,0.25,24,0.4166666666666667,-0.15486649628094326,-0.33755073011301673,0.735015743803013,-13.010574118408782,-0.13367312589773048,4.9759965892099236e-54,-0.2631586679193426,-0.371450839557742,12,12,0.5354853849933481,-0.8452183775552345,1.3807037625485825,14,10,0,IT,24,7,2,15,0.3333333333333333,0.2916666666666667,0.375,False,False
banking_only,BANKING sector only,all,1.0,50,0.36,-0.16228810081699774,-0.8494987170637818,0.7548243583159644,-17.906352173435305,-0.11934899623091963,1.186485054204829e-103,-0.2615019705205563,-0.36071584022411474,7,43,0.21213075592281094,-0.22324000772812938,0.4353707636509403,36,14,1,BANKING,50,20,1,29,0.2,0.5,0.3,False,False
banking_only,BANKING sector only,top_50pct,0.5,25,0.32,-0.3694077448691718,-0.5145495656720188,0.42651067803960513,-14.614596355029573,-0.36133917897247586,3.03699909121973e-48,-0.48112517686858985,-0.592842608868008,6,19,0.2665457842522106,-0.5702351751180293,0.83678095937024,21,4,0,BANKING,25,11,0,14,0.2,0.48,0.32,False,False
afternoon_only,Entries in afternoon window only,top_5pct,0.05,18,0.3333333333333333,-0.4316728420444377,-0.4652312055406064,0.3628838382051756,-11.20316883434396,-0.4459083926633176,5.237512404018022e-45,-0.5573927826420388,-0.6831127232396398,6,12,-0.1494465597738003,-0.5727859831797564,0.4233394234059561,10,8,0,IT,15,0,0,18,0.2222222222222222,0.3888888888888889,0.3888888888888889,False,False
short_only,Only pool-side DOWN/short trades,top_50pct,0.5,30,0.3,-0.4550306175647813,-0.5914356146160484,0.36746970854946504,-13.21014772720656,-0.43521013899368727,1.963342826771082e-61,-0.5782094676288003,-0.7013883176928192,5,25,0.2939626732752396,-0.6048292757327854,0.8987919490080251,0,30,0,IT,18,3,3,24,0.1,0.36666666666666664,0.5333333333333333,False,False
short_only,Only pool-side DOWN/short trades,top_5pct,0.05,3,0.0,-0.48792151464037764,-0.5885437885506297,0.0,-0.7094724968577116,-1.4855171344586413,0.0004898117762260717,-0.6206821745959037,-0.7534428345514296,1,2,-0.7542920470634212,-0.35473624842885587,0.39955579863456536,0,3,0,IT,3,0,0,3,0.0,0.0,1.0,False,False
banking_only,BANKING sector only,top_25pct,0.25,13,0.23076923076923078,-0.4896793527865445,-1.1846794543237604,0.3901400680227005,-9.878282220422754,-0.41823629703540655,1.027800845960032e-20,-0.5790754591526943,-0.6684715655188443,2,11,-0.27995203924808765,-0.5278115916117185,0.2478595523636309,12,1,0,BANKING,13,8,0,5,0.15384615384615385,0.6153846153846154,0.23076923076923078,False,False
short_only,Only pool-side DOWN/short trades,top_25pct,0.25,15,0.26666666666666666,-0.5296513393054324,-0.7542920470634212,0.3379527680506438,-10.496589889448762,-0.4739995135537357,2.7683282593151985e-29,-0.6683013770714836,-0.8069514148375349,3,12,0.7591777743578035,-0.8518586177212414,1.611036392079045,0,15,0,IT,10,0,2,13,0.06666666666666667,0.4,0.5333333333333333,False,False
short_only,Only pool-side DOWN/short trades,all,1.0,59,0.2711864406779661,-0.5604729333007639,-1.1575103404516607,0.32782023545947003,-36.5413866422327,-0.49548835351955417,3.7679347372797106e-91,-0.6733663530443019,-0.7862597727878399,6,53,-0.04082827773294848,-0.6193006301574977,0.5784723524245492,0,59,0,IT,29,9,6,44,0.0847457627118644,0.5084745762711864,0.4067796610169492,False,False
it_only,IT sector only,top_5pct,0.05,5,0.0,-0.6043998984940885,-0.5885437885506297,0.0,-2.4334557039198126,-1.4347552639283516,4.098036684582246e-16,-0.7044143476525002,-0.8044287968109118,2,3,-0.9853041865410738,-0.3504637064627649,0.6348404800783088,3,2,0,IT,5,1,0,4,0.0,0.2,0.8,False,False
midday_only,Entries in midday window only,top_5pct,0.05,2,0.5,-0.719982264391136,-0.719982264391136,0.08900362414728659,0.0,-0.591523940525196,,-0.8421019550216999,-0.964221645652264,1,1,-1.5806479223744796,0.1406833935922076,1.7213313159666872,0,2,0,IT,2,0,2,0,0.0,0.5,0.5,False,False
short_only,Only pool-side DOWN/short trades,top_10pct,0.1,6,0.16666666666666666,-0.7344480652406432,-0.6714179178070254,0.030937297463812227,-3.6523963443804384,-1.0454637854375708,2.2278774373390233e-22,-0.865451812328658,-0.9964555594166725,1,5,-0.7542920470634212,-0.7304792688760876,0.023812778187333627,0,6,0,IT,6,0,1,5,0.0,0.3333333333333333,0.6666666666666666,False,False
