label,n,win_rate,mean_r,median_r,profit_factor,max_drawdown_r,trade_sharpe,dsr,kind,actual_vs_shuffle_p_value
actual_long_ex_banking_it,434,0.5737327188940092,0.36524196100733464,0.4589410738772948,1.9080971958837156,-35.45127157960751,0.2792091116935999,0.0,actual,0.0
actual_long_all_sectors,526,0.5665399239543726,0.3211524760413939,0.42831664283056914,1.791429652938435,-35.024236146707295,0.24908128787805853,0.0,sector_control,0.0
actual_banking_it_long_control,92,0.532608695652174,0.11316512304989088,0.043984755210755885,1.2677290059150759,-15.755325002737623,0.09579464891687327,6.331381867126621e-194,negative_control,0.0
actual_short_all_sectors_control,44,0.29545454545454547,-0.5455137871390383,-1.2272002432659275,0.38484739441658616,-29.696470234838777,-0.4332001222684236,3.0383869185749867e-72,negative_control,0.0
shuffled_direction_001,434,0.511520737327189,0.21282949113700836,0.20333038346305696,1.4487880127381658,-36.08731240813064,0.1605799496659806,0.0,shuffled_direction_null,0.0
shuffled_direction_002,434,0.5161290322580645,0.2244897561519989,0.3144698435810004,1.4716553772627448,-39.100558711812994,0.16843006313536263,0.0,shuffled_direction_null,0.0
shuffled_direction_003,434,0.5276497695852534,0.248443335847376,0.34014483635409376,1.5326208407678072,-35.03856322172862,0.18607694581201722,0.0,shuffled_direction_null,0.0
shuffled_direction_004,434,0.5368663594470046,0.2565369864499339,0.42869539944297474,1.5629902260103081,-28.97702076083741,0.19470771684744423,0.0,shuffled_direction_null,0.0
shuffled_direction_005,434,0.5069124423963134,0.19662991250765766,0.20290175500213023,1.4160879281316205,-30.444157874136295,0.15150468251760826,0.0,shuffled_direction_null,0.0
shuffled_direction_006,434,0.5276497695852534,0.2430560789124587,0.381201715789953,1.5327759769188913,-29.044007678990504,0.1850116509581073,0.0,shuffled_direction_null,0.0
shuffled_direction_007,434,0.5069124423963134,0.2300367796026779,0.15570224574449698,1.4988348153005209,-29.37219501738711,0.17461166114377782,0.0,shuffled_direction_null,0.0
shuffled_direction_008,434,0.5207373271889401,0.2522618415209548,0.34014483635409376,1.545036630743472,-26.710106857325474,0.18947573488582262,0.0,shuffled_direction_null,0.0
shuffled_direction_009,434,0.5092165898617511,0.17236904818119445,0.20333038346305696,1.3490234808440735,-45.67538364938231,0.13121006329832505,0.0,shuffled_direction_null,0.0
shuffled_direction_010,434,0.5069124423963134,0.2106016995500944,0.20252779872675553,1.4427428619881797,-32.114667884379514,0.15922767838477964,0.0,shuffled_direction_null,0.0
shuffled_direction_011,434,0.5207373271889401,0.21877279587903253,0.4231111650768441,1.4584791591799577,-32.91204638981212,0.16537047701522967,0.0,shuffled_direction_null,0.0
shuffled_direction_012,434,0.4861751152073733,0.16382676824433284,-0.014271534796859074,1.3283656493298248,-38.464847403758675,0.12375910401339998,0.0,shuffled_direction_null,0.0
shuffled_direction_013,434,0.5345622119815668,0.259873178186567,0.42831664283056914,1.5676650795127525,-29.652989104506972,0.1967615262628011,0.0,shuffled_direction_null,0.0
shuffled_direction_014,434,0.5,0.1819556662685614,0.025137678500387856,1.3740358570246127,-30.381268887560978,0.13814231136746152,0.0,shuffled_direction_null,0.0
shuffled_direction_015,434,0.5138248847926268,0.2075888506993928,0.20370433973843166,1.4438429113290263,-37.49287511881776,0.15892104163149803,0.0,shuffled_direction_null,0.0
shuffled_direction_016,434,0.5046082949308756,0.19813706963234778,0.10248709771727962,1.4070690765136282,-34.60043709029552,0.14828039992043535,0.0,shuffled_direction_null,0.0
shuffled_direction_017,434,0.5138248847926268,0.2188350695826386,0.20654146153106895,1.4625392915367437,-33.83467353975291,0.16539630437899044,0.0,shuffled_direction_null,0.0
shuffled_direction_018,434,0.5207373271889401,0.23084439280057953,0.272335302043731,1.4840860301934222,-34.90700986944718,0.17238518167753059,0.0,shuffled_direction_null,0.0
shuffled_direction_019,434,0.5092165898617511,0.19257373730921193,0.20333038346305696,1.3975430969057228,-33.36770975125184,0.1454051884922037,0.0,shuffled_direction_null,0.0
shuffled_direction_020,434,0.5184331797235023,0.21695041097798345,0.33837866463757593,1.4528473968883728,-28.547124899420893,0.16294448792217225,0.0,shuffled_direction_null,0.0
shuffled_direction_021,434,0.5230414746543779,0.24623626999107254,0.4231111650768441,1.5412408627211007,-34.530239060839776,0.18763706619701526,0.0,shuffled_direction_null,0.0
shuffled_direction_022,434,0.5069124423963134,0.1777600253057915,0.20333038346305696,1.3620856760333895,-33.22530833023315,0.13470435948583503,0.0,shuffled_direction_null,0.0
shuffled_direction_023,434,0.5207373271889401,0.2335952492379785,0.33837866463757593,1.5094801051933582,-32.6836297310502,0.1781916237422291,0.0,shuffled_direction_null,0.0
shuffled_direction_024,434,0.5023041474654378,0.19440509333949296,0.10248709771727962,1.4041196498430462,-37.77623965882356,0.14733651454528432,0.0,shuffled_direction_null,0.0
shuffled_direction_025,434,0.5161290322580645,0.23844635550127097,0.20654146153106895,1.5159958271517386,-36.155012513434585,0.18004884166294932,0.0,shuffled_direction_null,0.0
shuffled_direction_026,434,0.5046082949308756,0.1964279779349557,0.10248709771727962,1.4034513295719846,-33.3431830312914,0.14683540324552993,0.0,shuffled_direction_null,0.0
shuffled_direction_027,434,0.5276497695852534,0.2462602522171326,0.38202985581018023,1.5419234978116674,-31.051877990482385,0.18753871583899787,0.0,shuffled_direction_null,0.0
shuffled_direction_028,434,0.532258064516129,0.24955158602229513,0.4257016890383043,1.5526308687904227,-26.368627953551215,0.19069006008741207,0.0,shuffled_direction_null,0.0
shuffled_direction_029,434,0.5069124423963134,0.1941755198027835,0.15616662291268527,1.4037449536349376,-27.434908023404414,0.14790826754414355,0.0,shuffled_direction_null,0.0
shuffled_direction_030,434,0.5230414746543779,0.24885843775299646,0.38202985581018023,1.5271136651147037,-33.84974791677213,0.18525781462436253,0.0,shuffled_direction_null,0.0
shuffled_direction_031,434,0.5069124423963134,0.20738299569761404,0.15570224574449698,1.4325859473908344,-40.40854830578884,0.15696834569601686,0.0,shuffled_direction_null,0.0
shuffled_direction_032,434,0.5207373271889401,0.22736230795063686,0.20654146153106895,1.4941221267646259,-32.30372860311978,0.17421962798510252,0.0,shuffled_direction_null,0.0
shuffled_direction_033,434,0.5207373271889401,0.22263853374628656,0.38202985581018023,1.4771233053097288,-35.01346785023088,0.1696704296548233,0.0,shuffled_direction_null,0.0
shuffled_direction_034,434,0.5138248847926268,0.2051881886451919,0.20538562836040933,1.4290726574612147,-34.95663623113309,0.1553969267175513,0.0,shuffled_direction_null,0.0
shuffled_direction_035,434,0.5253456221198156,0.24598174387048383,0.4231111650768441,1.5481083362744366,-30.632910905296008,0.18895974053005504,0.0,shuffled_direction_null,0.0
shuffled_direction_036,434,0.5023041474654378,0.1775387144079235,0.07827986265277187,1.367499819623298,-39.51951478693706,0.13580658776017945,0.0,shuffled_direction_null,0.0
shuffled_direction_037,434,0.5161290322580645,0.19929578471208498,0.2043291966252753,1.4142610269281768,-33.60806586573626,0.15135112631490527,0.0,shuffled_direction_null,0.0
shuffled_direction_038,434,0.5207373271889401,0.20508005320990788,0.38202985581018023,1.4290441316484634,-26.19273638900834,0.1557432927347955,0.0,shuffled_direction_null,0.0
shuffled_direction_039,434,0.5253456221198156,0.2597559742740324,0.4231111650768441,1.5719616517500616,-28.007404550116338,0.19699119707907106,0.0,shuffled_direction_null,0.0
shuffled_direction_040,434,0.5391705069124424,0.22192757103744895,0.4294499142313672,1.4867170604991635,-28.45208663459778,0.17301845054411596,0.0,shuffled_direction_null,0.0
shuffled_direction_041,434,0.5161290322580645,0.2103613805154745,0.20479652018082725,1.4385991609657403,-33.05812264377154,0.15917341482185943,0.0,shuffled_direction_null,0.0
shuffled_direction_042,434,0.5023041474654378,0.1794400340372534,0.10248709771727962,1.3742781464036213,-29.061420617173134,0.13829724734150198,0.0,shuffled_direction_null,0.0
shuffled_direction_043,434,0.5253456221198156,0.25274834938069296,0.42572611886910894,1.5586871684466823,-37.14469668106044,0.19245635782191076,0.0,shuffled_direction_null,0.0
shuffled_direction_044,434,0.5230414746543779,0.24207368202286844,0.33837866463757593,1.5186090434236976,-29.618864774171513,0.18202511309135516,0.0,shuffled_direction_null,0.0
shuffled_direction_045,434,0.5184331797235023,0.22730713529732607,0.272335302043731,1.4920468205313302,-30.628362938591213,0.17414778202799583,0.0,shuffled_direction_null,0.0
shuffled_direction_046,434,0.5345622119815668,0.2477994291011562,0.43783231904920783,1.5408987254153677,-30.574235809055185,0.18938047679257672,0.0,shuffled_direction_null,0.0
shuffled_direction_047,434,0.5069124423963134,0.18775134292680676,0.15616662291268527,1.3854556899828885,-35.96567632535702,0.14210211326182282,0.0,shuffled_direction_null,0.0
shuffled_direction_048,434,0.5276497695852534,0.21697989630946582,0.38202985581018023,1.4693959641187784,-27.725766739887312,0.16747878799463364,0.0,shuffled_direction_null,0.0
shuffled_direction_049,434,0.511520737327189,0.1812653561669153,0.20370433973843166,1.375853846000802,-38.88281544162283,0.13903768338862343,0.0,shuffled_direction_null,0.0
shuffled_direction_050,434,0.5253456221198156,0.2343879926034049,0.4231111650768441,1.5109163846825882,-28.24979528841442,0.17922349932326379,0.0,shuffled_direction_null,0.0
shuffled_direction_051,434,0.5046082949308756,0.1802861987386019,0.20252779872675553,1.3662680959527889,-32.578108301366456,0.1363721504352039,0.0,shuffled_direction_null,0.0
shuffled_direction_052,434,0.5138248847926268,0.2015531278403124,0.20370433973843166,1.4192795819515838,-38.01797751217984,0.1521976472724527,0.0,shuffled_direction_null,0.0
shuffled_direction_053,434,0.5184331797235023,0.2397623373127418,0.4257016890383043,1.5236776103903276,-34.790437236993554,0.1825153351868137,0.0,shuffled_direction_null,0.0
shuffled_direction_054,434,0.5299539170506913,0.2477240793923045,0.42869539944297474,1.5354717149752382,-36.02604327422401,0.18748747746427072,0.0,shuffled_direction_null,0.0
shuffled_direction_055,434,0.5161290322580645,0.18593705697053467,0.2043291966252753,1.388779333413157,-35.07371914633151,0.14330049404554568,0.0,shuffled_direction_null,0.0
shuffled_direction_056,434,0.5138248847926268,0.21018994209062125,0.2043291966252753,1.4450072396603393,-29.20031264729232,0.16035643206975034,0.0,shuffled_direction_null,0.0
shuffled_direction_057,434,0.5161290322580645,0.22984682912118126,0.33837866463757593,1.48494404623923,-34.228574214284336,0.17239871737442528,0.0,shuffled_direction_null,0.0
shuffled_direction_058,434,0.5092165898617511,0.18538813233740403,0.20252779872675553,1.3820750405052857,-28.771802313428214,0.14123684535026795,0.0,shuffled_direction_null,0.0
shuffled_direction_059,434,0.5276497695852534,0.2468264312794164,0.42869539944297474,1.5366129990698083,-29.567445298675853,0.18688643656393578,0.0,shuffled_direction_null,0.0
shuffled_direction_060,434,0.5230414746543779,0.23832577117165857,0.38202985581018023,1.5226789760124728,-30.335141386602597,0.18295339459847465,0.0,shuffled_direction_null,0.0
shuffled_direction_061,434,0.5,0.18680096844722072,0.02993004085048615,1.3875836320397292,-26.8569241550573,0.1418888171048087,0.0,shuffled_direction_null,0.0
shuffled_direction_062,434,0.5368663594470046,0.2944129703462305,0.42869539944297474,1.6675048671113566,-24.90871481519,0.22141531158084976,0.0,shuffled_direction_null,0.0
shuffled_direction_063,434,0.5,0.19522825105287483,0.02993004085048615,1.4163932644329043,-28.338681031018407,0.14955314991161758,0.0,shuffled_direction_null,0.0
shuffled_direction_064,434,0.5276497695852534,0.2530050966092262,0.42831664283056914,1.551828333742697,-36.255661704620934,0.19153497038096504,0.0,shuffled_direction_null,0.0
shuffled_direction_065,434,0.5184331797235023,0.22926398672569523,0.20654146153106895,1.4894005976023628,-31.65984421392045,0.17329626096146153,0.0,shuffled_direction_null,0.0
shuffled_direction_066,434,0.5161290322580645,0.23059207062083645,0.20479652018082725,1.4886855381510304,-28.191653179369517,0.17229739834927957,0.0,shuffled_direction_null,0.0
shuffled_direction_067,434,0.5207373271889401,0.22413565899631427,0.33837866463757593,1.4734832441176389,-31.030399144563088,0.16919615217937656,0.0,shuffled_direction_null,0.0
shuffled_direction_068,434,0.5299539170506913,0.23019360217154342,0.42831664283056914,1.4909172960249037,-35.08925225017798,0.1741221968126807,0.0,shuffled_direction_null,0.0
shuffled_direction_069,434,0.5069124423963134,0.19779689444289225,0.15570224574449698,1.4123970938149917,-28.82247665469056,0.15010438002042498,0.0,shuffled_direction_null,0.0
shuffled_direction_070,434,0.5023041474654378,0.1841123780672454,0.07827986265277187,1.3713012822362312,-36.11486786527352,0.1383533069309777,0.0,shuffled_direction_null,0.0
shuffled_direction_071,434,0.5299539170506913,0.2553455695832611,0.4338202562681657,1.5530382070822428,-31.400232799313216,0.1917949628066659,0.0,shuffled_direction_null,0.0
shuffled_direction_072,434,0.5207373271889401,0.2513495152787963,0.33837866463757593,1.5509360083387305,-38.25488548788722,0.18995348935230338,0.0,shuffled_direction_null,0.0
shuffled_direction_073,434,0.511520737327189,0.18845972322555424,0.20333038346305696,1.3873779769299373,-31.79430648483242,0.14308323795318606,0.0,shuffled_direction_null,0.0
shuffled_direction_074,434,0.532258064516129,0.25225149189609425,0.4294499142313672,1.542210280323595,-28.163262881003853,0.18820121934670023,0.0,shuffled_direction_null,0.0
shuffled_direction_075,434,0.5138248847926268,0.20018468190115282,0.20538562836040933,1.4157636627012786,-32.9789012289244,0.1513781856460734,0.0,shuffled_direction_null,0.0
shuffled_direction_076,434,0.5299539170506913,0.23959466943768354,0.42869539944297474,1.5134894820312152,-30.76640683080275,0.18143197197476305,0.0,shuffled_direction_null,0.0
shuffled_direction_077,434,0.5161290322580645,0.1876572773123658,0.2043291966252753,1.3998073951901697,-29.61441632377976,0.14643419634046678,0.0,shuffled_direction_null,0.0
shuffled_direction_078,434,0.5253456221198156,0.25149389132241934,0.42572611886910894,1.546927610029659,-28.825346956450904,0.18989652421573783,0.0,shuffled_direction_null,0.0
shuffled_direction_079,434,0.5207373271889401,0.22229932382675033,0.33837866463757593,1.4815854465321825,-33.135772324478495,0.17115445812955324,0.0,shuffled_direction_null,0.0
shuffled_direction_080,434,0.5092165898617511,0.1841778196087621,0.20336613217031851,1.3845091763277635,-28.199272832027752,0.1418769681157774,0.0,shuffled_direction_null,0.0
shuffled_direction_081,434,0.5253456221198156,0.2550380062366267,0.38202985581018023,1.5570253685251356,-34.415083125168294,0.19216183058031258,0.0,shuffled_direction_null,0.0
shuffled_direction_082,434,0.5299539170506913,0.24215571875045608,0.42982867084377274,1.527344197066546,-29.047044652899903,0.18425119872405216,0.0,shuffled_direction_null,0.0
shuffled_direction_083,434,0.5138248847926268,0.21519783771687026,0.272335302043731,1.4441179535619406,-33.623774340111765,0.16064116761142833,0.0,shuffled_direction_null,0.0
shuffled_direction_084,434,0.5023041474654378,0.17787159898839208,0.07827986265277187,1.3658654902123868,-36.939770437638366,0.13578642570147637,0.0,shuffled_direction_null,0.0
shuffled_direction_085,434,0.4976958525345622,0.15747594742786308,-0.005858880450537167,1.3177796791291876,-40.377998232133855,0.1199823275959372,0.0,shuffled_direction_null,0.0
shuffled_direction_086,434,0.5345622119815668,0.25951513066865284,0.42982867084377274,1.5829070731132857,-22.845281845604823,0.20007240688878633,0.0,shuffled_direction_null,0.0
shuffled_direction_087,434,0.5046082949308756,0.18770181686270118,0.15570224574449698,1.3854597108711373,-31.635002890916706,0.14201086607220914,0.0,shuffled_direction_null,0.0
shuffled_direction_088,434,0.5253456221198156,0.24881110325753628,0.38202985581018023,1.5320787809902081,-30.708718225543368,0.18618894673231787,0.0,shuffled_direction_null,0.0
shuffled_direction_089,434,0.5414746543778802,0.2731202395007176,0.43711858474782184,1.6147427810511992,-38.654015135579584,0.20774057233245416,0.0,shuffled_direction_null,0.0
shuffled_direction_090,434,0.5092165898617511,0.17858824493973166,0.20538562836040933,1.3603472728974806,-38.296968243992865,0.13516334182868273,0.0,shuffled_direction_null,0.0
shuffled_direction_091,434,0.5161290322580645,0.23920678263412787,0.272335302043731,1.5142964536527033,-32.78038368609376,0.18079910324283105,0.0,shuffled_direction_null,0.0
shuffled_direction_092,434,0.5230414746543779,0.2397225110721352,0.33837866463757593,1.5173219535210876,-25.82223521662519,0.1816337189104342,0.0,shuffled_direction_null,0.0
shuffled_direction_093,434,0.5092165898617511,0.19899967418137102,0.20333038346305696,1.4116462437023818,-30.604904054822914,0.15061827435374892,0.0,shuffled_direction_null,0.0
shuffled_direction_094,434,0.5161290322580645,0.24354602020323762,0.34014483635409376,1.5230123754640983,-33.642238875545914,0.1825874514814094,0.0,shuffled_direction_null,0.0
shuffled_direction_095,434,0.5345622119815668,0.2512732060463448,0.43711858474782184,1.552263153539978,-30.190038691409065,0.19207484633877897,0.0,shuffled_direction_null,0.0
shuffled_direction_096,434,0.5069124423963134,0.20509885583692505,0.20336613217031851,1.416849866960722,-36.747293488674444,0.15317444599035643,0.0,shuffled_direction_null,0.0
shuffled_direction_097,434,0.5276497695852534,0.23927856248344298,0.38202985581018023,1.520052908295164,-32.140659886732166,0.18124531556920254,0.0,shuffled_direction_null,0.0
shuffled_direction_098,434,0.5138248847926268,0.21263207736490858,0.20479652018082725,1.4474259620654546,-32.045974341868444,0.16131864424349585,0.0,shuffled_direction_null,0.0
shuffled_direction_099,434,0.5092165898617511,0.1904482642277066,0.20333038346305696,1.3931030885819555,-33.825405962352434,0.14492798960294845,0.0,shuffled_direction_null,0.0
shuffled_direction_100,434,0.5184331797235023,0.23170314629007477,0.33837866463757593,1.4913576329782936,-36.118879735688935,0.17425341281465326,0.0,shuffled_direction_null,0.0
shuffled_direction_101,434,0.5276497695852534,0.2541633906374523,0.42572611886910894,1.5500878286824773,-25.140451567220232,0.19099373750777426,0.0,shuffled_direction_null,0.0
shuffled_direction_102,434,0.5138248847926268,0.21590437617387412,0.20538562836040933,1.457918839761399,-30.96432448236141,0.16378360635644448,0.0,shuffled_direction_null,0.0
shuffled_direction_103,434,0.5253456221198156,0.22893713667321242,0.33837866463757593,1.489513679991235,-27.44736697129753,0.17385656951302553,0.0,shuffled_direction_null,0.0
shuffled_direction_104,434,0.5138248847926268,0.22753310453335687,0.2705903606934893,1.4891912345709921,-34.791992205654054,0.1738461119753686,0.0,shuffled_direction_null,0.0
shuffled_direction_105,434,0.5184331797235023,0.21968804183360957,0.20654146153106895,1.4752936267101462,-30.797816907334493,0.1696310241094184,0.0,shuffled_direction_null,0.0
shuffled_direction_106,434,0.5184331797235023,0.24608063596462776,0.272335302043731,1.532560055919093,-24.774949550828516,0.1860183407197293,0.0,shuffled_direction_null,0.0
shuffled_direction_107,434,0.511520737327189,0.20563500476015223,0.20333038346305696,1.435309508103089,-31.1087802251512,0.15604933727696488,0.0,shuffled_direction_null,0.0
shuffled_direction_108,434,0.5,0.17910251198544583,0.04728330370184684,1.3708886833821405,-42.06058283014983,0.13685422134877873,0.0,shuffled_direction_null,0.0
shuffled_direction_109,434,0.5161290322580645,0.21911846335508597,0.2043291966252753,1.466955613602907,-33.31665469387893,0.16619117225016924,0.0,shuffled_direction_null,0.0
shuffled_direction_110,434,0.5161290322580645,0.20046415729452338,0.20538562836040933,1.4281632315567472,-36.213882700153384,0.15469601465143695,0.0,shuffled_direction_null,0.0
shuffled_direction_111,434,0.5230414746543779,0.2396282980893024,0.34014483635409376,1.5178088392607938,-30.921616724678607,0.1816960829144476,0.0,shuffled_direction_null,0.0
shuffled_direction_112,434,0.5138248847926268,0.21274787090917413,0.20538562836040933,1.441599513410862,-34.62132594276579,0.1598491961716128,0.0,shuffled_direction_null,0.0
shuffled_direction_113,434,0.5276497695852534,0.248528103480569,0.42982867084377274,1.5435157648142281,-25.1960483983331,0.1894765725668502,0.0,shuffled_direction_null,0.0
shuffled_direction_114,434,0.5230414746543779,0.26720623114745085,0.34014483635409376,1.580850375510033,-36.99808153054719,0.1988040101523317,0.0,shuffled_direction_null,0.0
shuffled_direction_115,434,0.5092165898617511,0.192365127450279,0.20252779872675553,1.395565067582927,-35.45771843114031,0.14467249799198756,0.0,shuffled_direction_null,0.0
shuffled_direction_116,434,0.5092165898617511,0.19715057896341137,0.20333038346305696,1.4115447786912958,-37.092241348443125,0.1502621798504329,0.0,shuffled_direction_null,0.0
shuffled_direction_117,434,0.5161290322580645,0.21306166860276154,0.20538562836040933,1.4538338498645336,-35.172386745991915,0.16223542786745077,0.0,shuffled_direction_null,0.0
shuffled_direction_118,434,0.532258064516129,0.2780316857759186,0.42869539944297474,1.6267554845301122,-35.62967778801031,0.2111353568663196,0.0,shuffled_direction_null,0.0
shuffled_direction_119,434,0.5299539170506913,0.2544724134888348,0.42572611886910894,1.5688276999119004,-29.50507652688474,0.19493341417725302,0.0,shuffled_direction_null,0.0
shuffled_direction_120,434,0.532258064516129,0.24165642918519403,0.42572611886910894,1.5191352238276863,-32.88185909420919,0.18205640672742682,0.0,shuffled_direction_null,0.0
shuffled_direction_121,434,0.5299539170506913,0.20867623768827548,0.4231111650768441,1.4478456500997376,-29.6083795333857,0.16153248581146443,0.0,shuffled_direction_null,0.0
shuffled_direction_122,434,0.5,0.1691361609037715,0.025137678500387856,1.34357077096583,-33.975234762447286,0.12877235096154202,0.0,shuffled_direction_null,0.0
shuffled_direction_123,434,0.5161290322580645,0.2228387754280143,0.20654146153106895,1.4720833496739232,-31.736213440359943,0.16834907006626765,0.0,shuffled_direction_null,0.0
shuffled_direction_124,434,0.4930875576036866,0.161278563106068,-0.012875157972854549,1.3258265344060192,-34.24317933131271,0.12294704334726203,0.0,shuffled_direction_null,0.0
shuffled_direction_125,434,0.5161290322580645,0.21910591889043135,0.20654146153106895,1.4650412689502326,-31.968665140518745,0.16612782748626073,0.0,shuffled_direction_null,0.0
shuffled_direction_126,434,0.5161290322580645,0.22983820232697888,0.2043291966252753,1.491847334570916,-37.289715238204785,0.17331756030494241,0.0,shuffled_direction_null,0.0
shuffled_direction_127,434,0.5138248847926268,0.17556635153442407,0.2043291966252753,1.360185453071106,-32.91983500137332,0.1346162668858297,0.0,shuffled_direction_null,0.0
shuffled_direction_128,434,0.532258064516129,0.25861037478370447,0.42572611886910894,1.5760748081802924,-25.472643885118156,0.1967268896186835,0.0,shuffled_direction_null,0.0
shuffled_direction_129,434,0.5138248847926268,0.19689481851246332,0.20538562836040933,1.4088854077969912,-28.701480793952417,0.14999727837630566,0.0,shuffled_direction_null,0.0
shuffled_direction_130,434,0.5161290322580645,0.19648676624297878,0.20538562836040933,1.4135870106573618,-37.344320332120404,0.15055854018428258,0.0,shuffled_direction_null,0.0
shuffled_direction_131,434,0.5161290322580645,0.2339349509902866,0.20654146153106895,1.5024752395178913,-28.550388593399838,0.17669808143247334,0.0,shuffled_direction_null,0.0
shuffled_direction_132,434,0.511520737327189,0.21169233670805468,0.20370433973843166,1.449231385255391,-33.52786541056738,0.16078694893752,0.0,shuffled_direction_null,0.0
shuffled_direction_133,434,0.5138248847926268,0.20683128252723645,0.20370433973843166,1.436420437136944,-33.08402741194644,0.1567709682201761,0.0,shuffled_direction_null,0.0
shuffled_direction_134,434,0.5253456221198156,0.24133883620514424,0.38202985581018023,1.525550016790812,-33.769620960786845,0.18288750570773754,0.0,shuffled_direction_null,0.0
shuffled_direction_135,434,0.5069124423963134,0.21647330782724228,0.20252779872675553,1.4529128931616924,-37.1399519303217,0.16242104494352333,0.0,shuffled_direction_null,0.0
shuffled_direction_136,434,0.5253456221198156,0.2224462599917502,0.4231111650768441,1.468554761226708,-35.925719044954306,0.16815222071294247,0.0,shuffled_direction_null,0.0
shuffled_direction_137,434,0.5092165898617511,0.20474212508254452,0.20333038346305696,1.4414103632576483,-38.758584992095784,0.15835498583746493,0.0,shuffled_direction_null,0.0
shuffled_direction_138,434,0.5230414746543779,0.23046716156262406,0.34014483635409376,1.4988199465910947,-37.267376996791754,0.1754718961442689,0.0,shuffled_direction_null,0.0
shuffled_direction_139,434,0.5161290322580645,0.2057666220280728,0.2043291966252753,1.4365609746884902,-34.07721394687138,0.15730788492479802,0.0,shuffled_direction_null,0.0
shuffled_direction_140,434,0.5207373271889401,0.22251361391988578,0.272335302043731,1.4821624140169187,-38.76690218195061,0.17056399539397812,0.0,shuffled_direction_null,0.0
shuffled_direction_141,434,0.5138248847926268,0.22401809475622553,0.20538562836040933,1.4612900816401895,-30.963420056837684,0.16655581230900687,0.0,shuffled_direction_null,0.0
shuffled_direction_142,434,0.532258064516129,0.26829285276230075,0.42982867084377274,1.5757390741342499,-32.23632106911759,0.1986649993804489,0.0,shuffled_direction_null,0.0
shuffled_direction_143,434,0.5138248847926268,0.20213342458012412,0.2043291966252753,1.4154512868141196,-33.406322084594926,0.1522121071961529,0.0,shuffled_direction_null,0.0
shuffled_direction_144,434,0.5184331797235023,0.22098851796274957,0.4231111650768441,1.458572260816866,-31.130642169176753,0.16488531200635342,0.0,shuffled_direction_null,0.0
shuffled_direction_145,434,0.532258064516129,0.23560309200929527,0.42831664283056914,1.5182732802679249,-32.548925708188655,0.18163498506111572,0.0,shuffled_direction_null,0.0
shuffled_direction_146,434,0.5138248847926268,0.22200032337347123,0.2043291966252753,1.4685399805449975,-31.97832853590258,0.1672851781760616,0.0,shuffled_direction_null,0.0
shuffled_direction_147,434,0.5276497695852534,0.24037295049140853,0.38202985581018023,1.5263403249271936,-31.219782836660844,0.1841210521574251,0.0,shuffled_direction_null,0.0
shuffled_direction_148,434,0.4976958525345622,0.1818736760584126,-0.005858880450537167,1.3754989154375004,-34.88773474352165,0.1387714231951502,0.0,shuffled_direction_null,0.0
shuffled_direction_149,434,0.5345622119815668,0.2631863542697568,0.42831664283056914,1.5859235050034823,-26.94389717401815,0.20002345599422292,0.0,shuffled_direction_null,0.0
shuffled_direction_150,434,0.5138248847926268,0.24421889642965608,0.20370433973843166,1.5242143883487187,-31.464362747837825,0.1834095154194763,0.0,shuffled_direction_null,0.0
shuffled_direction_151,434,0.511520737327189,0.19847896660433867,0.20429344791801374,1.4127429745287756,-30.934929356691647,0.15097080091866777,0.0,shuffled_direction_null,0.0
shuffled_direction_152,434,0.5161290322580645,0.1839336612411021,0.20538562836040933,1.3823925794036427,-31.66066385469749,0.1410303333783578,0.0,shuffled_direction_null,0.0
shuffled_direction_153,434,0.5299539170506913,0.24226537277593246,0.42572611886910894,1.5242136021624137,-28.714296688423616,0.18370010507765108,0.0,shuffled_direction_null,0.0
shuffled_direction_154,434,0.5276497695852534,0.2274431381834587,0.4327482427110233,1.487614070333981,-32.41726236338552,0.17425199773014963,0.0,shuffled_direction_null,0.0
shuffled_direction_155,434,0.511520737327189,0.19063787702733723,0.20333038346305696,1.396432913744233,-36.839810237651875,0.14493459077012552,0.0,shuffled_direction_null,0.0
shuffled_direction_156,434,0.5207373271889401,0.2351696320714296,0.42572611886910894,1.5097907534064492,-32.93065211118878,0.17889885041018028,0.0,shuffled_direction_null,0.0
shuffled_direction_157,434,0.5138248847926268,0.2074672251039832,0.20538562836040933,1.427789664396369,-28.90721759056596,0.1559729331054644,0.0,shuffled_direction_null,0.0
shuffled_direction_158,434,0.5161290322580645,0.2257202619758423,0.2043291966252753,1.4871065804680217,-29.20761372461188,0.17265206334032168,0.0,shuffled_direction_null,0.0
shuffled_direction_159,434,0.5138248847926268,0.22410109171909165,0.20370433973843166,1.4908454938208358,-31.801841805691623,0.17274718125165367,0.0,shuffled_direction_null,0.0
shuffled_direction_160,434,0.5161290322580645,0.21821422880534216,0.20654146153106895,1.468641717811707,-32.43510591408055,0.16704889123724248,0.0,shuffled_direction_null,0.0
shuffled_direction_161,434,0.5138248847926268,0.19139537931178538,0.20370433973843166,1.3945615802347944,-30.96579075624615,0.14527953462629095,0.0,shuffled_direction_null,0.0
shuffled_direction_162,434,0.5161290322580645,0.19543702369105923,0.20654146153106895,1.403557617941774,-33.6901110064279,0.14745420449415053,0.0,shuffled_direction_null,0.0
shuffled_direction_163,434,0.5138248847926268,0.20077169116653,0.2043291966252753,1.4280471293213919,-27.907918068540656,0.15471717501744503,0.0,shuffled_direction_null,0.0
shuffled_direction_164,434,0.5184331797235023,0.22800185005816245,0.2732733337400215,1.488256693977953,-32.320640619588225,0.17302507776773146,0.0,shuffled_direction_null,0.0
shuffled_direction_165,434,0.5046082949308756,0.19049976539718508,0.10248709771727962,1.4000257568064818,-32.24443766606046,0.14609700544132093,0.0,shuffled_direction_null,0.0
shuffled_direction_166,434,0.5138248847926268,0.20245770144730685,0.2043291966252753,1.4239217508187698,-28.950228108283056,0.15333131076551315,0.0,shuffled_direction_null,0.0
shuffled_direction_167,434,0.49539170506912444,0.14852374561990656,-0.010800548175046103,1.297631888590154,-35.25430989896674,0.11335072044574392,0.0,shuffled_direction_null,0.0
shuffled_direction_168,434,0.5023041474654378,0.18082172671667782,0.08513383486591894,1.3664097190918905,-30.575472824785685,0.13625873738061947,0.0,shuffled_direction_null,0.0
shuffled_direction_169,434,0.5207373271889401,0.21800732819993082,0.27164679242862333,1.4757215980551328,-32.17643864964258,0.16903696962854,0.0,shuffled_direction_null,0.0
shuffled_direction_170,434,0.5207373271889401,0.22116889314478033,0.33837866463757593,1.4637485454880683,-33.93592726756619,0.1665748675981074,0.0,shuffled_direction_null,0.0
shuffled_direction_171,434,0.5161290322580645,0.21014716243260306,0.20538562836040933,1.4495351832275127,-30.112274628082215,0.16049267372486106,0.0,shuffled_direction_null,0.0
shuffled_direction_172,434,0.5,0.18510690275098443,0.02993004085048615,1.3797059749663108,-31.507590796052398,0.13992004149578258,0.0,shuffled_direction_null,0.0
shuffled_direction_173,434,0.5276497695852534,0.2460325211074805,0.38122614562075763,1.5417838553590706,-33.773259825331735,0.18795937747328456,0.0,shuffled_direction_null,0.0
shuffled_direction_174,434,0.5161290322580645,0.23626173055717223,0.272335302043731,1.5142938208472005,-30.28964367394495,0.1797496867332403,0.0,shuffled_direction_null,0.0
shuffled_direction_175,434,0.511520737327189,0.20700364796541346,0.20654146153106895,1.4352155381158673,-31.682103398960678,0.15776777057935135,0.0,shuffled_direction_null,0.0
shuffled_direction_176,434,0.5345622119815668,0.26953601083132467,0.4338202562681657,1.5994363316205282,-31.62533106476237,0.20532765027014627,0.0,shuffled_direction_null,0.0
shuffled_direction_177,434,0.5276497695852534,0.2659630728553291,0.4231111650768441,1.5838206279099172,-32.48757642053259,0.19935410824031313,0.0,shuffled_direction_null,0.0
shuffled_direction_178,434,0.5161290322580645,0.23410105782595447,0.2043291966252753,1.5049451410638284,-31.08949029046004,0.1769656174296579,0.0,shuffled_direction_null,0.0
shuffled_direction_179,434,0.5207373271889401,0.1964366283966463,0.34014483635409376,1.4133097519763032,-36.37019408598493,0.15081774331198144,0.0,shuffled_direction_null,0.0
shuffled_direction_180,434,0.5276497695852534,0.22991760632281083,0.34014483635409376,1.4989433999760724,-28.110763587162996,0.17664552180751453,0.0,shuffled_direction_null,0.0
shuffled_direction_181,434,0.5345622119815668,0.26233095382708954,0.42869539944297474,1.5877619449322578,-30.20111328099534,0.20070930642379398,0.0,shuffled_direction_null,0.0
shuffled_direction_182,434,0.5023041474654378,0.20000877417247043,0.20252779872675553,1.415649499109368,-34.17272644453885,0.15105255106877813,0.0,shuffled_direction_null,0.0
shuffled_direction_183,434,0.532258064516129,0.25126907781395147,0.42982867084377274,1.539277044571237,-29.340142811697557,0.1889632153478481,0.0,shuffled_direction_null,0.0
shuffled_direction_184,434,0.5276497695852534,0.2479336783696771,0.42572611886910894,1.5286083670355126,-29.795894833614383,0.18556134819211167,0.0,shuffled_direction_null,0.0
shuffled_direction_185,434,0.5138248847926268,0.20390555348227535,0.20538562836040933,1.425688018390266,-31.937515759513943,0.15480004795035643,0.0,shuffled_direction_null,0.0
shuffled_direction_186,434,0.5046082949308756,0.18097258161606947,0.10248709771727962,1.3774315422977497,-34.9917385980129,0.13855670272255413,0.0,shuffled_direction_null,0.0
shuffled_direction_187,434,0.5207373271889401,0.21024356941836486,0.33837866463757593,1.4522385268677795,-32.01362933020647,0.16198626610207031,0.0,shuffled_direction_null,0.0
shuffled_direction_188,434,0.5184331797235023,0.23878502738608703,0.33837866463757593,1.514048918647746,-27.072438517935986,0.18011260667617077,0.0,shuffled_direction_null,0.0
shuffled_direction_189,434,0.511520737327189,0.19426391639983898,0.20333038346305696,1.4023504601339059,-38.94301800034783,0.1473515840591596,0.0,shuffled_direction_null,0.0
shuffled_direction_190,434,0.5391705069124424,0.2584771449918155,0.4294499142313672,1.5798006048076534,-26.239720744117,0.19850979726564183,0.0,shuffled_direction_null,0.0
shuffled_direction_191,434,0.5230414746543779,0.2262845642859529,0.38202985581018023,1.482841175959783,-32.87349024152253,0.17135533522403912,0.0,shuffled_direction_null,0.0
shuffled_direction_192,434,0.5069124423963134,0.19769023274939618,0.15570224574449698,1.4101126200294984,-37.40204122912881,0.14911934456153697,0.0,shuffled_direction_null,0.0
shuffled_direction_193,434,0.5253456221198156,0.24449928487110892,0.34014483635409376,1.5276585340028521,-28.066519019322424,0.18472877061725346,0.0,shuffled_direction_null,0.0
shuffled_direction_194,434,0.5161290322580645,0.20961609749887763,0.20538562836040933,1.4503107249999554,-28.76863126768597,0.16174783951750815,0.0,shuffled_direction_null,0.0
shuffled_direction_195,434,0.5299539170506913,0.26651462549177235,0.42572611886910894,1.575755848800432,-28.98349776261441,0.19788719714365502,0.0,shuffled_direction_null,0.0
shuffled_direction_196,434,0.511520737327189,0.20837417973209296,0.20479652018082725,1.434929310489931,-35.9730133333956,0.15724942172802156,0.0,shuffled_direction_null,0.0
shuffled_direction_197,434,0.5138248847926268,0.19912413190371914,0.20429344791801374,1.4123444409873227,-36.084323480752985,0.15020335226760956,0.0,shuffled_direction_null,0.0
shuffled_direction_198,434,0.5184331797235023,0.23694909619275525,0.27164679242862333,1.504821060453114,-32.056238664006564,0.1779721367657231,0.0,shuffled_direction_null,0.0
shuffled_direction_199,434,0.511520737327189,0.20063542181323607,0.20333038346305696,1.4294311862275981,-31.799679816801905,0.1543339360031258,0.0,shuffled_direction_null,0.0
shuffled_direction_200,434,0.5,0.2019870147969395,0.04728330370184684,1.4114196863364814,-38.982519531229975,0.15023090913117365,0.0,shuffled_direction_null,0.0
shuffled_direction_201,434,0.5046082949308756,0.18642219355811804,0.10248709771727962,1.3857638255446147,-34.862250175606334,0.14144115253892828,0.0,shuffled_direction_null,0.0
shuffled_direction_202,434,0.5207373271889401,0.23766657432552532,0.381201715789953,1.520507628434216,-32.40124613386655,0.18120979032345522,0.0,shuffled_direction_null,0.0
shuffled_direction_203,434,0.5253456221198156,0.24473401496584823,0.42610487548151454,1.5348850892259611,-31.34813360728454,0.18616456816605878,0.0,shuffled_direction_null,0.0
shuffled_direction_204,434,0.5161290322580645,0.2173639970111869,0.20654146153106895,1.456791867866474,-29.19176075070412,0.16353380985256702,0.0,shuffled_direction_null,0.0
shuffled_direction_205,434,0.5138248847926268,0.21943190416715905,0.2043291966252753,1.4741831238709036,-27.523708516148016,0.16789971494918796,0.0,shuffled_direction_null,0.0
shuffled_direction_206,434,0.532258064516129,0.2522345652946199,0.42869539944297474,1.5577651963531767,-29.307213596047824,0.19340725990947968,0.0,shuffled_direction_null,0.0
shuffled_direction_207,434,0.5299539170506913,0.26848152973155875,0.42982867084377274,1.5917890243430939,-26.183593945508996,0.20249205214481403,0.0,shuffled_direction_null,0.0
shuffled_direction_208,434,0.5092165898617511,0.21168389435874407,0.20252779872675553,1.4521166124995677,-33.94975245575877,0.16225970390282907,0.0,shuffled_direction_null,0.0
shuffled_direction_209,434,0.5023041474654378,0.1879525825212796,0.08513383486591894,1.3891592125059604,-34.549919171394286,0.1421889278546982,0.0,shuffled_direction_null,0.0
shuffled_direction_210,434,0.5299539170506913,0.25773901002357424,0.42869539944297474,1.5726406479665556,-29.852529221631084,0.19606614655133567,0.0,shuffled_direction_null,0.0
shuffled_direction_211,434,0.5230414746543779,0.2277766403407029,0.4231111650768441,1.4925903925791102,-31.618561894322593,0.17537112780928144,0.0,shuffled_direction_null,0.0
shuffled_direction_212,434,0.5138248847926268,0.20324758493554818,0.20538562836040933,1.4287127827215405,-30.677926463571133,0.15486499212140803,0.0,shuffled_direction_null,0.0
shuffled_direction_213,434,0.5230414746543779,0.22629305598695987,0.4231111650768441,1.492837131102594,-33.009765965384915,0.17467062161806812,0.0,shuffled_direction_null,0.0
shuffled_direction_214,434,0.5161290322580645,0.19485411340777534,0.20654146153106895,1.4097017513903833,-34.64521671950574,0.14989831980528373,0.0,shuffled_direction_null,0.0
shuffled_direction_215,434,0.5069124423963134,0.19622271048763218,0.15570224574449698,1.4105520229924957,-30.7081299182714,0.14943370570950568,0.0,shuffled_direction_null,0.0
shuffled_direction_216,434,0.5207373271889401,0.22225228647487372,0.20654146153106895,1.467160461132365,-31.612309168823796,0.16754500953853962,0.0,shuffled_direction_null,0.0
shuffled_direction_217,434,0.5138248847926268,0.20146639667829017,0.2043291966252753,1.4228541350008712,-33.09887169716516,0.15355496171424082,0.0,shuffled_direction_null,0.0
shuffled_direction_218,434,0.5092165898617511,0.20311956814522347,0.20333038346305696,1.428364670714443,-36.6620610912109,0.1549889830331427,0.0,shuffled_direction_null,0.0
shuffled_direction_219,434,0.5046082949308756,0.20253968127958152,0.10248709771727962,1.4139994830656781,-34.73425000304892,0.1509690334568219,0.0,shuffled_direction_null,0.0
shuffled_direction_220,434,0.5345622119815668,0.2769308277033724,0.42869539944297474,1.6054663184396873,-28.302266040600383,0.20621847378484645,0.0,shuffled_direction_null,0.0
shuffled_direction_221,434,0.511520737327189,0.21197105593428037,0.20370433973843166,1.4501173656302624,-29.534529244826388,0.1615802180476941,0.0,shuffled_direction_null,0.0
shuffled_direction_222,434,0.5414746543778802,0.2867108144457985,0.43988371785104197,1.6377523126062525,-33.74830474947922,0.21531018761734583,0.0,shuffled_direction_null,0.0
shuffled_direction_223,434,0.5299539170506913,0.22621890310236076,0.42869539944297474,1.4875122019747644,-30.366146334400977,0.17360534643143252,0.0,shuffled_direction_null,0.0
shuffled_direction_224,434,0.5207373271889401,0.21751490722479727,0.272335302043731,1.4632101165519202,-33.51539811617917,0.1665739653518311,0.0,shuffled_direction_null,0.0
shuffled_direction_225,434,0.5069124423963134,0.18930253621335602,0.20252779872675553,1.3906104267411699,-35.114780201165445,0.1440742608379304,0.0,shuffled_direction_null,0.0
shuffled_direction_226,434,0.5299539170506913,0.2353518493438615,0.42572611886910894,1.5109271491991147,-35.14383380327964,0.17972426832334418,0.0,shuffled_direction_null,0.0
shuffled_direction_227,434,0.511520737327189,0.2155369072334824,0.20333038346305696,1.4522082374545593,-40.92999943712157,0.16292463252547756,0.0,shuffled_direction_null,0.0
shuffled_direction_228,434,0.5253456221198156,0.22432179701813038,0.42572611886910894,1.482850502283559,-36.18672687870343,0.17224160626226412,0.0,shuffled_direction_null,0.0
shuffled_direction_229,434,0.5207373271889401,0.22577632441909595,0.272335302043731,1.4726274929242957,-33.45740193722448,0.1693184174859527,0.0,shuffled_direction_null,0.0
shuffled_direction_230,434,0.5414746543778802,0.2629232450811707,0.43783231904920783,1.5786396617269505,-30.612918203637935,0.19989408589393975,0.0,shuffled_direction_null,0.0
shuffled_direction_231,434,0.5138248847926268,0.2188197942224193,0.20370433973843166,1.474619590124421,-29.18049411306264,0.16786024715229347,0.0,shuffled_direction_null,0.0
shuffled_direction_232,434,0.5069124423963134,0.1886569166560412,0.15616662291268527,1.3813781667523592,-37.790931283889414,0.14115944215845283,0.0,shuffled_direction_null,0.0
shuffled_direction_233,434,0.5046082949308756,0.20990112829047397,0.20370433973843166,1.4415058101036486,-29.906957001379187,0.15947794748211103,0.0,shuffled_direction_null,0.0
shuffled_direction_234,434,0.5207373271889401,0.218135035284669,0.3392068046578032,1.46976744824954,-30.74474368303361,0.16767742415357578,0.0,shuffled_direction_null,0.0
shuffled_direction_235,434,0.5207373271889401,0.23374415923179434,0.3392068046578032,1.498943711648545,-29.12379221784012,0.17597380640871885,0.0,shuffled_direction_null,0.0
shuffled_direction_236,434,0.5046082949308756,0.1959970641307501,0.10248709771727962,1.410538570957198,-35.46813043068055,0.149533973795948,0.0,shuffled_direction_null,0.0
shuffled_direction_237,434,0.5046082949308756,0.19997677391699015,0.1488482735313499,1.4173093207420437,-29.651957527331906,0.1514122112474169,0.0,shuffled_direction_null,0.0
shuffled_direction_238,434,0.5092165898617511,0.20431605480938217,0.20370433973843166,1.4309225409290753,-30.15952407158786,0.15565773157211726,0.0,shuffled_direction_null,0.0
shuffled_direction_239,434,0.5138248847926268,0.19157327780264385,0.20538562836040933,1.401142358465303,-39.19414892314937,0.1464273203027013,0.0,shuffled_direction_null,0.0
shuffled_direction_240,434,0.5299539170506913,0.2616161217056336,0.42831664283056914,1.5703075524044228,-30.680147825196368,0.1966867708736478,0.0,shuffled_direction_null,0.0
shuffled_direction_241,434,0.5069124423963134,0.21671748737832755,0.20336613217031851,1.461483456178324,-33.09475107158897,0.164982039302393,0.0,shuffled_direction_null,0.0
shuffled_direction_242,434,0.5207373271889401,0.2322618842291404,0.38202985581018023,1.5055849254917701,-30.151091360210632,0.17791265832206854,0.0,shuffled_direction_null,0.0
shuffled_direction_243,434,0.5184331797235023,0.20958803925264605,0.20654146153106895,1.4367979132218118,-29.904596269286298,0.15836607084115714,0.0,shuffled_direction_null,0.0
shuffled_direction_244,434,0.5276497695852534,0.2276305703818851,0.4231111650768441,1.493489583765367,-31.30694165064874,0.17413881607636966,0.0,shuffled_direction_null,0.0
shuffled_direction_245,434,0.5207373271889401,0.24702560720429922,0.42572611886910894,1.5290093192134073,-29.0397273673793,0.18544028118760847,0.0,shuffled_direction_null,0.0
shuffled_direction_246,434,0.5230414746543779,0.22634929994633737,0.42831664283056914,1.490491060541173,-29.6036243019321,0.17463888456278753,0.0,shuffled_direction_null,0.0
shuffled_direction_247,434,0.5345622119815668,0.2474347294973768,0.43711858474782184,1.5339788482929164,-28.461601294944728,0.1863666411096619,0.0,shuffled_direction_null,0.0
shuffled_direction_248,434,0.5253456221198156,0.25138898596110076,0.42572611886910894,1.5424175776416171,-32.56155769621752,0.1888043326178124,0.0,shuffled_direction_null,0.0
shuffled_direction_249,434,0.5230414746543779,0.23765359585917378,0.381201715789953,1.5016931869406471,-36.74872440253681,0.17762549814606055,0.0,shuffled_direction_null,0.0
shuffled_direction_250,434,0.5230414746543779,0.22926133305205262,0.33837866463757593,1.4925073703596181,-31.78653388909669,0.17412694259296296,0.0,shuffled_direction_null,0.0
shuffled_direction_251,434,0.5161290322580645,0.20123489682764623,0.20654146153106895,1.4165435380684521,-28.108379899435196,0.1524921055169214,0.0,shuffled_direction_null,0.0
shuffled_direction_252,434,0.5046082949308756,0.15939552476783259,0.10248709771727962,1.3240355950209877,-29.78581925038972,0.12274996472026717,0.0,shuffled_direction_null,0.0
shuffled_direction_253,434,0.5414746543778802,0.2797661204619362,0.4377710612055522,1.6274050845559787,-27.74610527646179,0.2112925373886682,0.0,shuffled_direction_null,0.0
shuffled_direction_254,434,0.5345622119815668,0.26901122029142965,0.42869539944297474,1.5966921570148362,-24.57648346315027,0.20260420081133734,0.0,shuffled_direction_null,0.0
shuffled_direction_255,434,0.5207373271889401,0.22462418145108035,0.33837866463757593,1.4744468321671131,-33.28832889691,0.16884417724487574,0.0,shuffled_direction_null,0.0
shuffled_direction_256,434,0.5299539170506913,0.25294942617552446,0.42572611886910894,1.5577764357125063,-31.963801101335356,0.19252011081678294,0.0,shuffled_direction_null,0.0
shuffled_direction_257,434,0.5138248847926268,0.20931673480395427,0.20654146153106895,1.4354152575994752,-30.057639424813274,0.15770686132036169,0.0,shuffled_direction_null,0.0
shuffled_direction_258,434,0.5184331797235023,0.19826044227787054,0.20538562836040933,1.4189211066861678,-28.032120598020448,0.1523152980578842,0.0,shuffled_direction_null,0.0
shuffled_direction_259,434,0.5253456221198156,0.24319153783998348,0.42572611886910894,1.514952375723516,-28.172880681967428,0.18173476040019082,0.0,shuffled_direction_null,0.0
shuffled_direction_260,434,0.5460829493087558,0.28504234096172637,0.44714175161522984,1.6311579458541254,-31.33954681023582,0.21437118856924528,0.0,shuffled_direction_null,0.0
shuffled_direction_261,434,0.5230414746543779,0.23356064393045783,0.272335302043731,1.5033572810824356,-34.311459425091726,0.17627788425585042,0.0,shuffled_direction_null,0.0
shuffled_direction_262,434,0.5253456221198156,0.23707051274201948,0.33837866463757593,1.5123456906709087,-33.532871278669454,0.17938192566219416,0.0,shuffled_direction_null,0.0
shuffled_direction_263,434,0.5023041474654378,0.18512318027764793,0.10248709771727962,1.3807265996433082,-31.478152297200552,0.14089074209067498,0.0,shuffled_direction_null,0.0
shuffled_direction_264,434,0.5184331797235023,0.24693135990759232,0.4257016890383043,1.5333134988509598,-31.095798214114378,0.1864469277142505,0.0,shuffled_direction_null,0.0
shuffled_direction_265,434,0.5207373271889401,0.20797054773308973,0.38202985581018023,1.4488998157708355,-33.09849378398887,0.16128790765459738,0.0,shuffled_direction_null,0.0
shuffled_direction_266,434,0.5184331797235023,0.21586922651054383,0.272335302043731,1.465255815153023,-41.35611985754906,0.16601682767114403,0.0,shuffled_direction_null,0.0
shuffled_direction_267,434,0.5207373271889401,0.2468453074298571,0.20654146153106895,1.5315696205309326,-32.594166857698,0.18483961113054004,0.0,shuffled_direction_null,0.0
shuffled_direction_268,434,0.5092165898617511,0.18719961235099652,0.20370433973843166,1.3928723906611273,-34.1255566996673,0.14445524254978173,0.0,shuffled_direction_null,0.0
shuffled_direction_269,434,0.5230414746543779,0.24031566691260925,0.3392068046578032,1.5200295426689312,-29.936427078421843,0.1818681475722988,0.0,shuffled_direction_null,0.0
shuffled_direction_270,434,0.5138248847926268,0.207363383673911,0.20429344791801374,1.432471662837332,-36.300830457310674,0.15705204132387282,0.0,shuffled_direction_null,0.0
shuffled_direction_271,434,0.5230414746543779,0.23658539219005414,0.42831664283056914,1.5002250251173896,-36.821190506716874,0.1777769436325573,0.0,shuffled_direction_null,0.0
shuffled_direction_272,434,0.5092165898617511,0.22353965595016362,0.20252779872675553,1.4757106951759675,-30.34007735366125,0.16838520607663623,0.0,shuffled_direction_null,0.0
shuffled_direction_273,434,0.4976958525345622,0.17585712661422595,-0.005858880450537167,1.3625143087555658,-33.04159457146952,0.1345067474094365,0.0,shuffled_direction_null,0.0
shuffled_direction_274,434,0.5161290322580645,0.22777334310273306,0.20538562836040933,1.490036753100382,-31.594300779939516,0.17292289467403682,0.0,shuffled_direction_null,0.0
shuffled_direction_275,434,0.5069124423963134,0.18354433472341106,0.15616662291268527,1.3826188042533403,-30.580666721528644,0.14078455237780993,0.0,shuffled_direction_null,0.0
shuffled_direction_276,434,0.5138248847926268,0.21266951924693853,0.20654146153106895,1.4453794590341373,-36.78015902757311,0.16097062871362053,0.0,shuffled_direction_null,0.0
shuffled_direction_277,434,0.4976958525345622,0.19742668696421778,-0.006008185824947811,1.4058793239468124,-34.028732854036726,0.14807388924300605,0.0,shuffled_direction_null,0.0
shuffled_direction_278,434,0.511520737327189,0.1885728752724214,0.20333038346305696,1.388738066217211,-42.809616782168646,0.14313178218070954,0.0,shuffled_direction_null,0.0
shuffled_direction_279,434,0.5207373271889401,0.22926312699424417,0.38202985581018023,1.4855632371342526,-27.997854172304514,0.17266700636530447,0.0,shuffled_direction_null,0.0
shuffled_direction_280,434,0.5391705069124424,0.25635900887248125,0.43711858474782184,1.5603013448973564,-37.01517507079308,0.194227378551649,0.0,shuffled_direction_null,0.0
shuffled_direction_281,434,0.5299539170506913,0.22770882570956114,0.42831664283056914,1.480730604210115,-32.6001546802149,0.1712277644937888,0.0,shuffled_direction_null,0.0
shuffled_direction_282,434,0.5253456221198156,0.2603178176049877,0.33837866463757593,1.5801537911856178,-24.9844809776795,0.19795017603564533,0.0,shuffled_direction_null,0.0
shuffled_direction_283,434,0.5345622119815668,0.2576642604652008,0.43711858474782184,1.578721851158996,-30.62105201554874,0.19828303401872588,0.0,shuffled_direction_null,0.0
shuffled_direction_284,434,0.511520737327189,0.22288229874539944,0.206074137975517,1.4785433265867969,-30.79835683849432,0.16970528764706083,0.0,shuffled_direction_null,0.0
shuffled_direction_285,434,0.5138248847926268,0.19090638411440491,0.20429344791801374,1.4013032455704517,-33.163877721406976,0.14702149954077046,0.0,shuffled_direction_null,0.0
shuffled_direction_286,434,0.5161290322580645,0.22615546433053332,0.20479652018082725,1.4786598084445657,-32.22325403592798,0.17039989856045956,0.0,shuffled_direction_null,0.0
shuffled_direction_287,434,0.5184331797235023,0.24182083418649802,0.4257016890383043,1.5131331774958123,-33.31084912979514,0.181133014011022,0.0,shuffled_direction_null,0.0
shuffled_direction_288,434,0.5161290322580645,0.22299795270729292,0.20654146153106895,1.466247746904361,-37.575239985530935,0.1672724895722851,0.0,shuffled_direction_null,0.0
shuffled_direction_289,434,0.5046082949308756,0.2154434694730189,0.10248709771727962,1.4531784328710553,-36.05811471050956,0.16191790351716218,0.0,shuffled_direction_null,0.0
shuffled_direction_290,434,0.5069124423963134,0.2101386664614842,0.20252779872675553,1.4477887798371825,-29.960413198736852,0.1599916928834371,0.0,shuffled_direction_null,0.0
shuffled_direction_291,434,0.5138248847926268,0.20578160374179089,0.20538562836040933,1.4222156291312926,-37.43134762506774,0.15392308644232236,0.0,shuffled_direction_null,0.0
shuffled_direction_292,434,0.5299539170506913,0.25778302119269403,0.42572611886910894,1.5709571207746624,-27.000624645919316,0.19689063986209035,0.0,shuffled_direction_null,0.0
shuffled_direction_293,434,0.5,0.1858828988493935,0.02993004085048615,1.3823296934177556,-32.47919878544627,0.1405344775946027,0.0,shuffled_direction_null,0.0
shuffled_direction_294,434,0.5207373271889401,0.23181117895886988,0.3392068046578032,1.4916724605782163,-30.41615846564071,0.17476850024194004,0.0,shuffled_direction_null,0.0
shuffled_direction_295,434,0.5345622119815668,0.27391501287447345,0.4338202562681657,1.601800641391323,-29.758855290668645,0.20571071481178585,0.0,shuffled_direction_null,0.0
shuffled_direction_296,434,0.532258064516129,0.24091501543596483,0.42831664283056914,1.525944331505948,-28.875091898278757,0.18382360314158894,0.0,shuffled_direction_null,0.0
shuffled_direction_297,434,0.5230414746543779,0.23447713402799364,0.4257016890383043,1.5056621276189395,-29.218796400600297,0.17892427464888677,0.0,shuffled_direction_null,0.0
shuffled_direction_298,434,0.5161290322580645,0.2000624596690207,0.2043291966252753,1.4252525928227204,-32.736924581907004,0.15384599438924748,0.0,shuffled_direction_null,0.0
shuffled_direction_299,434,0.5138248847926268,0.21299686959899367,0.272335302043731,1.441640837209517,-30.82739262910594,0.16032321437961536,0.0,shuffled_direction_null,0.0
shuffled_direction_300,434,0.5184331797235023,0.21153507268244054,0.33837866463757593,1.45106125570563,-29.320271070106045,0.16254437693535792,0.0,shuffled_direction_null,0.0
shuffled_direction_301,434,0.5161290322580645,0.22230829333759913,0.2043291966252753,1.4748772504040837,-34.24057187836337,0.16859799217273455,0.0,shuffled_direction_null,0.0
shuffled_direction_302,434,0.5299539170506913,0.21117280600635494,0.4231111650768441,1.4501477796153392,-30.264011037515615,0.16268165496379447,0.0,shuffled_direction_null,0.0
shuffled_direction_303,434,0.5391705069124424,0.285583284260719,0.43988371785104197,1.6289849786476767,-24.179947641145606,0.21328575302057776,0.0,shuffled_direction_null,0.0
shuffled_direction_304,434,0.5184331797235023,0.19338966602102492,0.27164679242862333,1.4059256160222084,-32.324628248893944,0.14877912182373035,0.0,shuffled_direction_null,0.0
shuffled_direction_305,434,0.5391705069124424,0.27546201927926084,0.4415974843406012,1.6132940244376746,-29.0782927408193,0.20939734187310585,0.0,shuffled_direction_null,0.0
shuffled_direction_306,434,0.5023041474654378,0.19402198529249454,0.07827986265277187,1.40593808305538,-37.32674761204617,0.14729338458562652,0.0,shuffled_direction_null,0.0
shuffled_direction_307,434,0.5138248847926268,0.198331811366987,0.2043291966252753,1.415713472196829,-32.14451825773867,0.1508989303896605,0.0,shuffled_direction_null,0.0
shuffled_direction_308,434,0.5207373271889401,0.2493636459630787,0.272335302043731,1.5395488281207002,-33.709492257466714,0.18668085607097804,0.0,shuffled_direction_null,0.0
shuffled_direction_309,434,0.5276497695852534,0.2521500874976019,0.38202985581018023,1.562246418996272,-34.2645843045147,0.1930567782423499,0.0,shuffled_direction_null,0.0
shuffled_direction_310,434,0.5184331797235023,0.23379178827427036,0.27164679242862333,1.502816487260801,-29.756920230136696,0.17674222343724116,0.0,shuffled_direction_null,0.0
shuffled_direction_311,434,0.5276497695852534,0.22511253781622856,0.4231111650768441,1.496021503304472,-28.858958526241015,0.17474732407354426,0.0,shuffled_direction_null,0.0
shuffled_direction_312,434,0.5138248847926268,0.20915195933328132,0.20538562836040933,1.4339250582278256,-33.17253260934823,0.15739307472122188,0.0,shuffled_direction_null,0.0
shuffled_direction_313,434,0.532258064516129,0.25048537569249907,0.42831664283056914,1.5496990466573195,-34.039745027068335,0.19133992612455042,0.0,shuffled_direction_null,0.0
shuffled_direction_314,434,0.5230414746543779,0.23409822757345944,0.34014483635409376,1.5186495696493405,-30.341131618473533,0.1807480387262623,0.0,shuffled_direction_null,0.0
shuffled_direction_315,434,0.511520737327189,0.19393033295194603,0.20333038346305696,1.4009485485079956,-28.781456930344298,0.14762419096986715,0.0,shuffled_direction_null,0.0
shuffled_direction_316,434,0.5138248847926268,0.1988925597590973,0.20479652018082725,1.4140782809201877,-34.81131372355816,0.1508583107220041,0.0,shuffled_direction_null,0.0
shuffled_direction_317,434,0.5184331797235023,0.20592304961266886,0.20654146153106895,1.4275881396617558,-35.16634483618778,0.15552201111020053,0.0,shuffled_direction_null,0.0
shuffled_direction_318,434,0.5345622119815668,0.26322264170177817,0.43711858474782184,1.5706392781207599,-29.43759619784124,0.19731869264895016,0.0,shuffled_direction_null,0.0
shuffled_direction_319,434,0.5345622119815668,0.2717730552444893,0.4415974843406012,1.5944997486891541,-29.25069083732392,0.203589367285152,0.0,shuffled_direction_null,0.0
shuffled_direction_320,434,0.5092165898617511,0.21056273793518412,0.20333038346305696,1.4446793506448574,-34.536087191663626,0.16040689282171844,0.0,shuffled_direction_null,0.0
shuffled_direction_321,434,0.5368663594470046,0.2561444282497601,0.43711858474782184,1.5546194402114153,-36.171351003031724,0.19366953996603667,0.0,shuffled_direction_null,0.0
shuffled_direction_322,434,0.5138248847926268,0.2066475396479868,0.20538562836040933,1.4297915819066913,-34.652570515768716,0.15616384532850386,0.0,shuffled_direction_null,0.0
shuffled_direction_323,434,0.5230414746543779,0.23123544141374355,0.34014483635409376,1.5013851153825246,-29.450320869364116,0.17616494797566204,0.0,shuffled_direction_null,0.0
shuffled_direction_324,434,0.511520737327189,0.21191367720382612,0.20370433973843166,1.4478464986287585,-32.79994920979362,0.1610386030687338,0.0,shuffled_direction_null,0.0
shuffled_direction_325,434,0.5299539170506913,0.24580012600863524,0.4231111650768441,1.541132976835808,-25.61782274182588,0.18763961420896996,0.0,shuffled_direction_null,0.0
shuffled_direction_326,434,0.5253456221198156,0.24757507352466834,0.42572611886910894,1.5372056333626876,-28.89844215081418,0.18715542770742566,0.0,shuffled_direction_null,0.0
shuffled_direction_327,434,0.5069124423963134,0.2160531867230357,0.20333038346305696,1.4516608484368492,-34.84506952628767,0.1616698090255175,0.0,shuffled_direction_null,0.0
shuffled_direction_328,434,0.5161290322580645,0.2166862782001607,0.20538562836040933,1.4553121911643263,-36.89442579314626,0.16342340254757212,0.0,shuffled_direction_null,0.0
shuffled_direction_329,434,0.5207373271889401,0.2124081408016935,0.2732733337400215,1.464716783641165,-32.59222993638859,0.16495012106826754,0.0,shuffled_direction_null,0.0
shuffled_direction_330,434,0.5161290322580645,0.21715049327891442,0.20654146153106895,1.4574505537537787,-35.64798919062205,0.16406850606932097,0.0,shuffled_direction_null,0.0
shuffled_direction_331,434,0.5345622119815668,0.24925714235525295,0.42572611886910894,1.546384221711111,-25.74995744320188,0.18996152720892975,0.0,shuffled_direction_null,0.0
shuffled_direction_332,434,0.5092165898617511,0.20706057398484393,0.20286600629486867,1.4298817275149527,-30.68078094700753,0.15654330884385248,0.0,shuffled_direction_null,0.0
shuffled_direction_333,434,0.5253456221198156,0.22362357181229972,0.42572611886910894,1.4805781925204162,-30.41722959941958,0.17151277149516614,0.0,shuffled_direction_null,0.0
shuffled_direction_334,434,0.5046082949308756,0.18589560141208022,0.10248709771727962,1.3841992090963984,-32.52239000809897,0.14141219493318713,0.0,shuffled_direction_null,0.0
shuffled_direction_335,434,0.5253456221198156,0.20249395671918735,0.38202985581018023,1.425755098422362,-28.231567060633978,0.15496284945723904,0.0,shuffled_direction_null,0.0
shuffled_direction_336,434,0.5046082949308756,0.1719731035073292,0.10248709771727962,1.3433520608442273,-35.84880262911764,0.12888975553467563,0.0,shuffled_direction_null,0.0
shuffled_direction_337,434,0.5161290322580645,0.22397636316664477,0.206074137975517,1.4771033024080025,-33.82398920575193,0.16900813385102742,0.0,shuffled_direction_null,0.0
shuffled_direction_338,434,0.5184331797235023,0.22758133056465463,0.34014483635409376,1.4833482172341184,-37.344086690162754,0.17229010668439043,0.0,shuffled_direction_null,0.0
shuffled_direction_339,434,0.5253456221198156,0.24371407895679578,0.34014483635409376,1.5280514586076124,-37.76031386125858,0.18447733837402844,0.0,shuffled_direction_null,0.0
shuffled_direction_340,434,0.5276497695852534,0.21319570278291874,0.42869539944297474,1.4504446440084675,-33.281824159466204,0.16310691314627374,0.0,shuffled_direction_null,0.0
shuffled_direction_341,434,0.5069124423963134,0.17874130587951023,0.20252779872675553,1.360404624650623,-31.004776404068636,0.1348453209839934,0.0,shuffled_direction_null,0.0
shuffled_direction_342,434,0.5069124423963134,0.19683118283806741,0.20252779872675553,1.414089909313243,-32.252092236157694,0.1504206192990835,0.0,shuffled_direction_null,0.0
shuffled_direction_343,434,0.5230414746543779,0.23994198711673415,0.34014483635409376,1.5109593478955974,-28.76128338313227,0.18003066612786367,0.0,shuffled_direction_null,0.0
shuffled_direction_344,434,0.5276497695852534,0.21812261775233618,0.381201715789953,1.4694861214237052,-32.821826864908815,0.16780111043539533,0.0,shuffled_direction_null,0.0
shuffled_direction_345,434,0.5161290322580645,0.21992954864516615,0.2043291966252753,1.4630787701557135,-34.43744134717095,0.165528498674508,0.0,shuffled_direction_null,0.0
shuffled_direction_346,434,0.5230414746543779,0.23581549284366946,0.38202985581018023,1.514050744807954,-33.879462997691704,0.1800636210044579,0.0,shuffled_direction_null,0.0
shuffled_direction_347,434,0.5184331797235023,0.21098203278044336,0.272335302043731,1.4391930123917789,-32.20140966122571,0.15956220352830397,0.0,shuffled_direction_null,0.0
shuffled_direction_348,434,0.5138248847926268,0.21067334530544932,0.20370433973843166,1.4443838052230256,-30.90179705119934,0.15944499084971628,0.0,shuffled_direction_null,0.0
shuffled_direction_349,434,0.5069124423963134,0.18294115537076586,0.15570224574449698,1.3843823759329978,-34.46819837984535,0.14098207175569435,0.0,shuffled_direction_null,0.0
shuffled_direction_350,434,0.5276497695852534,0.2574717723570998,0.42831664283056914,1.5636959297831958,-29.030365151034715,0.1937555622808084,0.0,shuffled_direction_null,0.0
shuffled_direction_351,434,0.5299539170506913,0.25476994080484844,0.43711858474782184,1.5612661884182013,-31.177955971684362,0.1933871042154533,0.0,shuffled_direction_null,0.0
shuffled_direction_352,434,0.511520737327189,0.188584465870066,0.2039552403499006,1.4024733553124067,-31.692395306401703,0.14699282360011628,0.0,shuffled_direction_null,0.0
shuffled_direction_353,434,0.5253456221198156,0.2539812287025438,0.42572611886910894,1.5633587236046884,-29.800656547906186,0.19370985217177975,0.0,shuffled_direction_null,0.0
shuffled_direction_354,434,0.5345622119815668,0.25773932879129424,0.42982867084377274,1.5800412676335052,-27.772810685661433,0.199416228251318,0.0,shuffled_direction_null,0.0
shuffled_direction_355,434,0.5230414746543779,0.21862060899436075,0.34014483635409376,1.4691550762993422,-34.53138282557005,0.16845711315413836,0.0,shuffled_direction_null,0.0
shuffled_direction_356,434,0.5230414746543779,0.23381576643673418,0.34014483635409376,1.502315262423939,-36.92914781749951,0.1770012053374242,0.0,shuffled_direction_null,0.0
shuffled_direction_357,434,0.511520737327189,0.19058483303170226,0.2047607714735657,1.4036226539777081,-33.48806543928954,0.14683386117440098,0.0,shuffled_direction_null,0.0
shuffled_direction_358,434,0.5207373271889401,0.22734141949261513,0.381201715789953,1.4822815227129038,-31.54123510389994,0.17196111310734666,0.0,shuffled_direction_null,0.0
shuffled_direction_359,434,0.5161290322580645,0.23932491595218205,0.33837866463757593,1.5115916454613147,-31.57923865996435,0.17967482061200069,0.0,shuffled_direction_null,0.0
shuffled_direction_360,434,0.5276497695852534,0.24212607319019,0.42572611886910894,1.5335916183297318,-28.13995455936007,0.18646969162425797,0.0,shuffled_direction_null,0.0
shuffled_direction_361,434,0.5092165898617511,0.189720729937984,0.20333038346305696,1.3971349204494286,-30.378695511469132,0.1461556478892622,0.0,shuffled_direction_null,0.0
shuffled_direction_362,434,0.5207373271889401,0.2317248720681667,0.34014483635409376,1.494391789647175,-39.47466572845418,0.1744270290880215,0.0,shuffled_direction_null,0.0
shuffled_direction_363,434,0.5069124423963134,0.19953101767499887,0.15570224574449698,1.4078300184001566,-32.582012832860265,0.14890722655777472,0.0,shuffled_direction_null,0.0
shuffled_direction_364,434,0.5161290322580645,0.221508264889233,0.2043291966252753,1.458688419286563,-41.13026846811721,0.1648216931771196,0.0,shuffled_direction_null,0.0
shuffled_direction_365,434,0.511520737327189,0.2016682531862803,0.20333038346305696,1.425233581864391,-28.89725550679242,0.1536196566116369,0.0,shuffled_direction_null,0.0
shuffled_direction_366,434,0.5253456221198156,0.24754866216695276,0.38202985581018023,1.5340896523333012,-29.3556299552571,0.1867197463006317,0.0,shuffled_direction_null,0.0
shuffled_direction_367,434,0.5230414746543779,0.23929939541221706,0.38205428564098487,1.5195407083108698,-31.34327613626528,0.1816406907962667,0.0,shuffled_direction_null,0.0
shuffled_direction_368,434,0.5092165898617511,0.1988256246181537,0.20252779872675553,1.4073080347568232,-36.70072668607,0.14873152277135035,0.0,shuffled_direction_null,0.0
shuffled_direction_369,434,0.5069124423963134,0.20810102250346085,0.15570224574449698,1.4345900061671908,-30.57514909329757,0.15716329731635173,0.0,shuffled_direction_null,0.0
shuffled_direction_370,434,0.5184331797235023,0.20759782194893528,0.20654146153106895,1.4377449637577806,-41.383774874734456,0.15784869112584737,0.0,shuffled_direction_null,0.0
shuffled_direction_371,434,0.5276497695852534,0.21955412624014325,0.4231111650768441,1.475977583784604,-27.50593664755372,0.170475164628271,0.0,shuffled_direction_null,0.0
shuffled_direction_372,434,0.5345622119815668,0.2758893989868165,0.42831664283056914,1.6004790048504254,-31.161948211485573,0.20496964316871275,0.0,shuffled_direction_null,0.0
shuffled_direction_373,434,0.5253456221198156,0.2513563954321521,0.42572611886910894,1.56076653240718,-35.40859722664661,0.19250386618491894,0.0,shuffled_direction_null,0.0
shuffled_direction_374,434,0.5230414746543779,0.21299765592803924,0.33837866463757593,1.4488830633947578,-34.47936315928471,0.1621453311549426,0.0,shuffled_direction_null,0.0
shuffled_direction_375,434,0.5092165898617511,0.197725497845408,0.20252779872675553,1.412905902155939,-31.541450687080655,0.15022262838675085,0.0,shuffled_direction_null,0.0
shuffled_direction_376,434,0.5046082949308756,0.19286528185113874,0.10248709771727962,1.4039232540458741,-33.6655507663327,0.1474244803946415,0.0,shuffled_direction_null,0.0
shuffled_direction_377,434,0.5299539170506913,0.22339784827470854,0.42831664283056914,1.4786247566856159,-31.008508273430166,0.17062199291141247,0.0,shuffled_direction_null,0.0
shuffled_direction_378,434,0.5161290322580645,0.2247498083121471,0.206074137975517,1.4825088898813592,-28.76917289566681,0.17034881830252713,0.0,shuffled_direction_null,0.0
shuffled_direction_379,434,0.5161290322580645,0.19478017000365158,0.20538562836040933,1.407587464878116,-30.657543910044826,0.149110162933719,0.0,shuffled_direction_null,0.0
shuffled_direction_380,434,0.5368663594470046,0.2756367032273411,0.43988371785104197,1.6144524912509637,-24.62608828942445,0.2090258486043384,0.0,shuffled_direction_null,0.0
shuffled_direction_381,434,0.5368663594470046,0.24568716961255876,0.42869539944297474,1.537893862570142,-34.08506358089963,0.18634629332511718,0.0,shuffled_direction_null,0.0
shuffled_direction_382,434,0.5460829493087558,0.28824506529356675,0.44002823320258044,1.6581028859758913,-23.96914995501644,0.2196735800839736,0.0,shuffled_direction_null,0.0
shuffled_direction_383,434,0.5046082949308756,0.19353006047700919,0.15570224574449698,1.398865366315266,-30.100809999483598,0.14644039072975518,0.0,shuffled_direction_null,0.0
shuffled_direction_384,434,0.5184331797235023,0.23282466673603114,0.20654146153106895,1.4931089787007665,-32.595444440377186,0.17475641800894195,0.0,shuffled_direction_null,0.0
shuffled_direction_385,434,0.5161290322580645,0.2206268826481882,0.20538562836040933,1.4672061929249762,-28.015898741793745,0.16671578545254714,0.0,shuffled_direction_null,0.0
shuffled_direction_386,434,0.5092165898617511,0.21976846642611475,0.20252779872675553,1.461853120942249,-33.231203311310885,0.16496391552908926,0.0,shuffled_direction_null,0.0
shuffled_direction_387,434,0.5276497695852534,0.22900836706623948,0.4231111650768441,1.4878378889546833,-30.70653255633621,0.17375204582889578,0.0,shuffled_direction_null,0.0
shuffled_direction_388,434,0.5345622119815668,0.2594864617865082,0.42982867084377274,1.5895610545190908,-23.224815597991935,0.20034254919505412,0.0,shuffled_direction_null,0.0
shuffled_direction_389,434,0.532258064516129,0.2621396674946848,0.42869539944297474,1.5646926278824227,-27.554452239749207,0.19561896333594356,0.0,shuffled_direction_null,0.0
shuffled_direction_390,434,0.5138248847926268,0.22468352784256182,0.2043291966252753,1.4921470354389696,-25.131269800335694,0.172875959452393,0.0,shuffled_direction_null,0.0
shuffled_direction_391,434,0.5184331797235023,0.2227094527888045,0.33837866463757593,1.4774257142513985,-32.37246894053301,0.1701957573859561,0.0,shuffled_direction_null,0.0
shuffled_direction_392,434,0.5299539170506913,0.24746402354011288,0.42869539944297474,1.5472107236871442,-27.571243368351055,0.18973141672177393,0.0,shuffled_direction_null,0.0
shuffled_direction_393,434,0.5161290322580645,0.20306429233329265,0.2043291966252753,1.4249537893887827,-33.72440162666375,0.1537972181282141,0.0,shuffled_direction_null,0.0
shuffled_direction_394,434,0.511520737327189,0.20216725522204437,0.20370433973843166,1.4206791695328176,-35.965802705338135,0.1534444903994529,0.0,shuffled_direction_null,0.0
shuffled_direction_395,434,0.5368663594470046,0.25694404409772414,0.43988371785104197,1.563885356298949,-30.016599594156677,0.19512246324122406,0.0,shuffled_direction_null,0.0
shuffled_direction_396,434,0.5092165898617511,0.19738525467753743,0.20333038346305696,1.407046490629473,-31.278276238977135,0.14894559837888496,0.0,shuffled_direction_null,0.0
shuffled_direction_397,434,0.5138248847926268,0.23036941200843045,0.20370433973843166,1.4872605246578112,-36.50549510107825,0.17245244266655382,0.0,shuffled_direction_null,0.0
shuffled_direction_398,434,0.5207373271889401,0.2296815377270401,0.38205428564098487,1.486269948492577,-32.64613966229203,0.17280780486362526,0.0,shuffled_direction_null,0.0
shuffled_direction_399,434,0.5253456221198156,0.2407405375148567,0.38202985581018023,1.5268731340608308,-30.106670875932497,0.1835701604159856,0.0,shuffled_direction_null,0.0
shuffled_direction_400,434,0.5207373271889401,0.2418386605714082,0.38202985581018023,1.5262503354016868,-38.23168578992693,0.18377146707007794,0.0,shuffled_direction_null,0.0
shuffled_direction_401,434,0.5138248847926268,0.20943497382095577,0.20538562836040933,1.4419377979189696,-25.814111071086163,0.16012852832051755,0.0,shuffled_direction_null,0.0
shuffled_direction_402,434,0.5161290322580645,0.21769179374728823,0.2043291966252753,1.468523761189903,-35.44405121961558,0.16708179967915562,0.0,shuffled_direction_null,0.0
shuffled_direction_403,434,0.5161290322580645,0.21881521292559347,0.20654146153106895,1.468195927603231,-34.342895366603585,0.16615808445796038,0.0,shuffled_direction_null,0.0
shuffled_direction_404,434,0.543778801843318,0.2955184222431965,0.4414271555466842,1.6555323757017966,-34.07435605608677,0.2200250844270101,0.0,shuffled_direction_null,0.0
shuffled_direction_405,434,0.5230414746543779,0.21020531672534723,0.272335302043731,1.4502631026264075,-29.96862319144719,0.16109221404375262,0.0,shuffled_direction_null,0.0
shuffled_direction_406,434,0.5207373271889401,0.2546630685524675,0.272335302043731,1.562113748559215,-28.520458835960707,0.19299347556383842,0.0,shuffled_direction_null,0.0
shuffled_direction_407,434,0.532258064516129,0.24929717155867864,0.42572611886910894,1.5570264367573723,-30.139325722578075,0.19216803148069625,0.0,shuffled_direction_null,0.0
shuffled_direction_408,434,0.5092165898617511,0.1862956560385633,0.20286600629486867,1.3829661763693715,-32.708183009496636,0.14128160275686652,0.0,shuffled_direction_null,0.0
shuffled_direction_409,434,0.49539170506912444,0.1814233625508221,-0.010800548175046103,1.3682483104757386,-34.27001605990651,0.13585156955995728,0.0,shuffled_direction_null,0.0
shuffled_direction_410,434,0.5230414746543779,0.24491318552043237,0.3392068046578032,1.5250568259392687,-29.56442675932272,0.1836768916142125,0.0,shuffled_direction_null,0.0
shuffled_direction_411,434,0.5230414746543779,0.23265097341814817,0.42572611886910894,1.4957995379419382,-33.60470284456722,0.17584741702351983,0.0,shuffled_direction_null,0.0
shuffled_direction_412,434,0.5207373271889401,0.21525006612918288,0.3392068046578032,1.4552741430426992,-41.49889042516464,0.1636984319916197,0.0,shuffled_direction_null,0.0
shuffled_direction_413,434,0.5207373271889401,0.2311317696664115,0.33837866463757593,1.4966864928285366,-35.813826983823915,0.17504053907573977,0.0,shuffled_direction_null,0.0
shuffled_direction_414,434,0.5368663594470046,0.2672909465851403,0.4338202562681657,1.5980514359413918,-33.101721342190146,0.20412970617007864,0.0,shuffled_direction_null,0.0
shuffled_direction_415,434,0.4976958525345622,0.17852207315906118,-0.005858880450537167,1.3671360934022512,-33.216409151163525,0.13587375905062452,0.0,shuffled_direction_null,0.0
shuffled_direction_416,434,0.5161290322580645,0.20616740681766912,0.20654146153106895,1.4341852966475381,-29.87642668955941,0.15709761878670306,0.0,shuffled_direction_null,0.0
shuffled_direction_417,434,0.5276497695852534,0.2342786247271646,0.4257016890383043,1.5013997140326294,-34.93863174626465,0.17782708760302454,0.0,shuffled_direction_null,0.0
shuffled_direction_418,434,0.5184331797235023,0.20809441483208457,0.33837866463757593,1.4354515280628024,-28.50961527405724,0.15796061555164526,0.0,shuffled_direction_null,0.0
shuffled_direction_419,434,0.5138248847926268,0.20814125047466095,0.20429344791801374,1.44120033468452,-29.57242200286815,0.15896894229434688,0.0,shuffled_direction_null,0.0
shuffled_direction_420,434,0.5368663594470046,0.250312066995242,0.4338202562681657,1.5434990195084848,-32.68364353655302,0.18945663797620707,0.0,shuffled_direction_null,0.0
shuffled_direction_421,434,0.5253456221198156,0.2147674449028072,0.38202985581018023,1.4467239456183847,-31.64220165268837,0.16218425706964115,0.0,shuffled_direction_null,0.0
shuffled_direction_422,434,0.5161290322580645,0.24150285527812287,0.2043291966252753,1.5175732325427327,-30.66626417796395,0.18087182214478154,0.0,shuffled_direction_null,0.0
shuffled_direction_423,434,0.5207373271889401,0.23066462772875806,0.34014483635409376,1.4937483601621104,-28.119538705562952,0.17527885144451444,0.0,shuffled_direction_null,0.0
shuffled_direction_424,434,0.5414746543778802,0.2663661666753316,0.43783231904920783,1.6016174153725173,-27.84646579498661,0.2055304822793636,0.0,shuffled_direction_null,0.0
shuffled_direction_425,434,0.5023041474654378,0.16456695026317913,0.07827986265277187,1.3389764974310088,-40.05251552637529,0.12674510167398034,0.0,shuffled_direction_null,0.0
shuffled_direction_426,434,0.5138248847926268,0.22393023155681613,0.27164679242862333,1.4775792789645317,-29.331292775967608,0.17055753384369937,0.0,shuffled_direction_null,0.0
shuffled_direction_427,434,0.5161290322580645,0.2378465670800132,0.272335302043731,1.5174146650966374,-32.20345487961775,0.17995042374733175,0.0,shuffled_direction_null,0.0
shuffled_direction_428,434,0.5092165898617511,0.2100633532644879,0.20333038346305696,1.436167406357553,-39.33101174749263,0.15697816946750687,0.0,shuffled_direction_null,0.0
shuffled_direction_429,434,0.4976958525345622,0.18743394286154008,-0.005858880450537167,1.3897124866772819,-32.50970928535868,0.142322974999917,0.0,shuffled_direction_null,0.0
shuffled_direction_430,434,0.5230414746543779,0.22617784375473365,0.34014483635409376,1.484281858604253,-32.764506575063066,0.1725880536536208,0.0,shuffled_direction_null,0.0
shuffled_direction_431,434,0.4976958525345622,0.18997185353961513,-0.005858880450537167,1.3938832783050459,-29.88587710163425,0.14375215394024,0.0,shuffled_direction_null,0.0
shuffled_direction_432,434,0.5023041474654378,0.17051960395369697,0.07827986265277187,1.3450654247013132,-32.31092052061127,0.1295801353496243,0.0,shuffled_direction_null,0.0
shuffled_direction_433,434,0.5138248847926268,0.20318120738441778,0.20479652018082725,1.4396759783190598,-30.483822571333576,0.15765998219203292,0.0,shuffled_direction_null,0.0
shuffled_direction_434,434,0.5345622119815668,0.24631665078365314,0.42831664283056914,1.5427471986798453,-29.47665175933276,0.1883631333321101,0.0,shuffled_direction_null,0.0
shuffled_direction_435,434,0.5161290322580645,0.24369353807564978,0.20654146153106895,1.5170101027326064,-36.01025390758698,0.1814145878687161,0.0,shuffled_direction_null,0.0
shuffled_direction_436,434,0.5046082949308756,0.19770286826178027,0.10248709771727962,1.4125731755574564,-28.405059097790243,0.15041247115592682,0.0,shuffled_direction_null,0.0
shuffled_direction_437,434,0.5069124423963134,0.17894345369462403,0.20252779872675553,1.373525475856414,-32.329236842363684,0.1382944904555421,0.0,shuffled_direction_null,0.0
shuffled_direction_438,434,0.5046082949308756,0.19378347201290202,0.10248709771727962,1.4081099175364,-33.6459372874331,0.1478953870885936,0.0,shuffled_direction_null,0.0
shuffled_direction_439,434,0.5276497695852534,0.23217019513433562,0.42572611886910894,1.4904035683238683,-33.369981413864394,0.17439552159380298,0.0,shuffled_direction_null,0.0
shuffled_direction_440,434,0.5184331797235023,0.2448455348650813,0.27258482412491386,1.5353875105366848,-32.613009050241345,0.1862483649921448,0.0,shuffled_direction_null,0.0
shuffled_direction_441,434,0.5230414746543779,0.21816092521930375,0.34014483635409376,1.4657128262098482,-30.613012947752974,0.16700583030715424,0.0,shuffled_direction_null,0.0
shuffled_direction_442,434,0.5276497695852534,0.22673252712046843,0.42572611886910894,1.4909620788238973,-34.36096222029537,0.17371539729541904,0.0,shuffled_direction_null,0.0
shuffled_direction_443,434,0.5253456221198156,0.21525000581136505,0.4231111650768441,1.4632970810306023,-35.936595849667945,0.16601044067972714,0.0,shuffled_direction_null,0.0
shuffled_direction_444,434,0.5184331797235023,0.21010921549746286,0.272335302043731,1.441493726634905,-27.374026944044907,0.15920530867476196,0.0,shuffled_direction_null,0.0
shuffled_direction_445,434,0.532258064516129,0.2332816260027693,0.42572611886910894,1.5068408523748564,-30.31556065566495,0.17882211594081837,0.0,shuffled_direction_null,0.0
shuffled_direction_446,434,0.5161290322580645,0.2282941159493875,0.272335302043731,1.4851868173161702,-34.908906476022004,0.17207479503886253,0.0,shuffled_direction_null,0.0
shuffled_direction_447,434,0.5276497695852534,0.2362637390305714,0.38202985581018023,1.5038265488252651,-33.65173990494871,0.1773345895072035,0.0,shuffled_direction_null,0.0
shuffled_direction_448,434,0.5138248847926268,0.2238744275493938,0.20654146153106895,1.4811636552681513,-34.2279590276423,0.17047360431944208,0.0,shuffled_direction_null,0.0
shuffled_direction_449,434,0.5345622119815668,0.27148012027251867,0.4294499142313672,1.6089786213102297,-26.771910068028433,0.2063301550125987,0.0,shuffled_direction_null,0.0
shuffled_direction_450,434,0.5253456221198156,0.2216163705678312,0.38202985581018023,1.4818734766447599,-29.637554769420387,0.17108924873728956,0.0,shuffled_direction_null,0.0
shuffled_direction_451,434,0.5276497695852534,0.22552355275750574,0.38202985581018023,1.4751913552087357,-33.46774180796232,0.16957016901502298,0.0,shuffled_direction_null,0.0
shuffled_direction_452,434,0.5069124423963134,0.2250747507419278,0.20252779872675553,1.475610954485712,-37.83428848956182,0.16881022949327132,0.0,shuffled_direction_null,0.0
shuffled_direction_453,434,0.5207373271889401,0.2158983413153698,0.33837866463757593,1.4573303562740016,-34.67614012850773,0.1636003117498092,0.0,shuffled_direction_null,0.0
shuffled_direction_454,434,0.5138248847926268,0.2348921594182492,0.2043291966252753,1.4990728616501048,-30.987680084896486,0.17581847363562375,0.0,shuffled_direction_null,0.0
shuffled_direction_455,434,0.5207373271889401,0.25435817164602686,0.381201715789953,1.5461857560088255,-25.260466964802042,0.1895074225813795,0.0,shuffled_direction_null,0.0
shuffled_direction_456,434,0.511520737327189,0.1989428555240288,0.20429344791801374,1.41223986005844,-32.38234017555082,0.1505383637961306,0.0,shuffled_direction_null,0.0
shuffled_direction_457,434,0.5207373271889401,0.21934497102262906,0.20654146153106895,1.4785862435871617,-32.32294613984939,0.16988033446412795,0.0,shuffled_direction_null,0.0
shuffled_direction_458,434,0.5207373271889401,0.21025306442042588,0.4257016890383043,1.4507000843965179,-33.56467422254929,0.16261059529433292,0.0,shuffled_direction_null,0.0
shuffled_direction_459,434,0.5161290322580645,0.21339638620443283,0.272335302043731,1.4515472605228752,-29.833231087401483,0.1628215466207192,0.0,shuffled_direction_null,0.0
shuffled_direction_460,434,0.5092165898617511,0.2147152148467188,0.2039552403499006,1.453767437932147,-32.51526571648292,0.16268737500287378,0.0,shuffled_direction_null,0.0
shuffled_direction_461,434,0.5230414746543779,0.22805357250241104,0.38122614562075763,1.4896536035339556,-32.45332609724113,0.17449143948831308,0.0,shuffled_direction_null,0.0
shuffled_direction_462,434,0.5253456221198156,0.22349102576394136,0.33837866463757593,1.486018299107135,-32.98027583139277,0.1712719556571964,0.0,shuffled_direction_null,0.0
shuffled_direction_463,434,0.5253456221198156,0.2298313433386399,0.4231111650768441,1.5024902643678917,-31.853979097075772,0.17726785452587024,0.0,shuffled_direction_null,0.0
shuffled_direction_464,434,0.5161290322580645,0.19999583940468438,0.20479652018082725,1.423107742815991,-29.09054254119194,0.1539195636548409,0.0,shuffled_direction_null,0.0
shuffled_direction_465,434,0.5184331797235023,0.22147457737407705,0.272335302043731,1.4694811833864416,-33.734595853903485,0.16764826444414108,0.0,shuffled_direction_null,0.0
shuffled_direction_466,434,0.5092165898617511,0.1836936773114508,0.20252779872675553,1.3888989895834705,-27.898894336529363,0.14252128240173925,0.0,shuffled_direction_null,0.0
shuffled_direction_467,434,0.5138248847926268,0.19499768061653924,0.20538562836040933,1.4164011408046437,-33.41696521846899,0.15070533624141408,0.0,shuffled_direction_null,0.0
shuffled_direction_468,434,0.5184331797235023,0.2213734878803241,0.20654146153106895,1.4684637983026618,-34.76636693837708,0.16762931906752754,0.0,shuffled_direction_null,0.0
shuffled_direction_469,434,0.5138248847926268,0.20937607263412197,0.20370433973843166,1.4461323142949511,-38.49584645415871,0.15993513966472503,0.0,shuffled_direction_null,0.0
shuffled_direction_470,434,0.5230414746543779,0.23712401437700656,0.34014483635409376,1.5038547097668427,-33.040519500862025,0.17755947348053774,0.0,shuffled_direction_null,0.0
shuffled_direction_471,434,0.5299539170506913,0.234912473299933,0.42831664283056914,1.519297563234789,-32.49848097705088,0.1816999436012581,0.0,shuffled_direction_null,0.0
shuffled_direction_472,434,0.5138248847926268,0.20465807959669174,0.20429344791801374,1.4322874549666749,-34.727932086874475,0.15595886009491777,0.0,shuffled_direction_null,0.0
shuffled_direction_473,434,0.5138248847926268,0.21844673847176502,0.20538562836040933,1.4609901294357872,-29.20789153892919,0.16486312756266733,0.0,shuffled_direction_null,0.0
shuffled_direction_474,434,0.5184331797235023,0.23181614899903602,0.20654146153106895,1.4916455001884976,-31.4410433580476,0.1747670094463144,0.0,shuffled_direction_null,0.0
shuffled_direction_475,434,0.5207373271889401,0.21648202752979623,0.272335302043731,1.455945162190555,-38.25059388580121,0.1629043577944652,0.0,shuffled_direction_null,0.0
shuffled_direction_476,434,0.511520737327189,0.20535249914894668,0.20336613217031851,1.430563269558038,-35.705816775425404,0.15567343229099695,0.0,shuffled_direction_null,0.0
shuffled_direction_477,434,0.5207373271889401,0.24377979268039981,0.33837866463757593,1.5202154101730927,-20.932872158451932,0.18211571107731284,0.0,shuffled_direction_null,0.0
shuffled_direction_478,434,0.511520737327189,0.19192764544773935,0.2043291966252753,1.411447449628833,-30.74000842926671,0.14948878038875865,0.0,shuffled_direction_null,0.0
shuffled_direction_479,434,0.5092165898617511,0.2254538929472468,0.20333038346305696,1.4728485020115454,-28.07420446291944,0.1685068467412755,0.0,shuffled_direction_null,0.0
shuffled_direction_480,434,0.5138248847926268,0.2133248170554728,0.20538562836040933,1.4466818088374862,-33.49591111508792,0.16135252632139802,0.0,shuffled_direction_null,0.0
shuffled_direction_481,434,0.5345622119815668,0.24318498286480333,0.42869539944297474,1.5338367092401677,-29.562063140059042,0.18617223264338212,0.0,shuffled_direction_null,0.0
shuffled_direction_482,434,0.4976958525345622,0.16217695604982432,-0.005858880450537167,1.3261533544288011,-39.25681583724021,0.12349094246047207,0.0,shuffled_direction_null,0.0
shuffled_direction_483,434,0.5253456221198156,0.23051071406529594,0.33837866463757593,1.5003984418594256,-35.96257471120315,0.17615437987751398,0.0,shuffled_direction_null,0.0
shuffled_direction_484,434,0.5299539170506913,0.23738925378135903,0.4257016890383043,1.5148710935719378,-31.104876189285616,0.18152357112820344,0.0,shuffled_direction_null,0.0
shuffled_direction_485,434,0.5230414746543779,0.24520068532168507,0.42831664283056914,1.533017232617232,-36.04716241720325,0.18643617745610458,0.0,shuffled_direction_null,0.0
shuffled_direction_486,434,0.5184331797235023,0.20925794841702416,0.272335302043731,1.4336515729945287,-35.168357779983396,0.15748730146514267,0.0,shuffled_direction_null,0.0
shuffled_direction_487,434,0.5184331797235023,0.22533017652366627,0.272335302043731,1.4837592155076904,-37.46687458314199,0.1718710310229321,0.0,shuffled_direction_null,0.0
shuffled_direction_488,434,0.5184331797235023,0.2160005195517775,0.3392068046578032,1.467045683996503,-30.917409033299183,0.1667671956123679,0.0,shuffled_direction_null,0.0
shuffled_direction_489,434,0.5092165898617511,0.19172527647510632,0.20252779872675553,1.3987275651604791,-30.365766522062973,0.14590491668738703,0.0,shuffled_direction_null,0.0
shuffled_direction_490,434,0.5253456221198156,0.23332777743918215,0.4231111650768441,1.5107591915919678,-39.67424211506322,0.1794454074936664,0.0,shuffled_direction_null,0.0
shuffled_direction_491,434,0.5092165898617511,0.21099301059318906,0.20538562836040933,1.4436818392571542,-35.81491465880519,0.15970710955543735,0.0,shuffled_direction_null,0.0
shuffled_direction_492,434,0.5299539170506913,0.2562977056672983,0.43711858474782184,1.5633020994817228,-27.20230480362711,0.19482521574976283,0.0,shuffled_direction_null,0.0
shuffled_direction_493,434,0.5161290322580645,0.19352554283595103,0.2043291966252753,1.4109762565863468,-33.64912870512906,0.15024707631713818,0.0,shuffled_direction_null,0.0
shuffled_direction_494,434,0.532258064516129,0.2549249808852016,0.4338202562681657,1.560891469364907,-31.323903654884916,0.1941615003621027,0.0,shuffled_direction_null,0.0
shuffled_direction_495,434,0.5276497695852534,0.24683984585760907,0.38202985581018023,1.5301792712875295,-24.569594376359724,0.18532176866397712,0.0,shuffled_direction_null,0.0
shuffled_direction_496,434,0.5161290322580645,0.18351086063403027,0.2043291966252753,1.382345951245368,-29.732838606972074,0.140882409998252,0.0,shuffled_direction_null,0.0
shuffled_direction_497,434,0.5184331797235023,0.22172203936405915,0.34014483635409376,1.4740864303754369,-33.45764673055003,0.1690092906327099,0.0,shuffled_direction_null,0.0
shuffled_direction_498,434,0.532258064516129,0.2425612614941658,0.42831664283056914,1.5334442825227017,-31.83767979826703,0.18549894197941336,0.0,shuffled_direction_null,0.0
shuffled_direction_499,434,0.5069124423963134,0.20150837559299198,0.15570224574449698,1.418148376894421,-32.547115495030496,0.15192120581187155,0.0,shuffled_direction_null,0.0
shuffled_direction_500,434,0.5207373271889401,0.22483699340239166,0.2732733337400215,1.4843931951094291,-30.169383010057597,0.17180099904012722,0.0,shuffled_direction_null,0.0
